producto_id,producto_original,producto_base_anterior,producto_base_nuevo,categoria,score_matching
26096,Pasta Dental Sensodyne Sensibilidad y Encías Blanqueadora 2 un. 100 g,pasta_dental_sensodyne_sensibilidad_encias_blanqueadora,limpieza_100g_2_un,Limpieza,81.0
26100,Pasta Dental Sensodyne Repara & Protege Blanqueadora 2 un. 100 g,pasta_dental_sensodyne_repara_protege_blanqueadora,limpieza_100g_2_un,Limpieza,81.0
25565,Pack 3 un. Pastilla para Estanque Lysoform 120 g,pack_3_un__pastilla_para_estanque,limpieza_120g_3_un,Limpieza,73.0
25586,Pack 3 un. Bloque para Estanque Pato Purific Marina 120 g,pack_3_un__bloque_para_estanque,limpieza_120g_3_un,Limpieza,73.0
26065,Intensificador de Olor Downy Beads Fresh 122 g,intensificador_olor_downy_beads_fresh_sin,limpieza_122_g,Limpieza,76.0
26075,Intensificador de Olor Downy Beads Febreeze 122 g,intensificador_olor_downy_beads_febreeze_sin,limpieza_122_g,Limpieza,76.0
26005,Perlas de Perfume Downy April Fresh 141 g,perlas_perfume_downy_april_fresh_sin,limpieza_141_g,Limpieza,76.1
26019,Perlas de Perfume Downy Unstopables Fresh 141 g,perlas_perfume_downy_unstopables_fresh_sin,limpieza_141_g,Limpieza,76.1
31056,Perlas de perfume downy april fresh 141 g,perlas_perfume_downy_april_fresh_sin,limpieza_141_g,Limpieza,76.1
31058,Perlas de perfume downy fresh 141 g,perlas_perfume_downy_fresh_sin_marca,limpieza_141_g,Limpieza,76.1
31096,Perlas de perfume downy lush 141 g,perlas_perfume_downy_lush_sin_marca,limpieza_141_g,Limpieza,76.1
26050,Perlas de Perfume Downy Fresh 156 g,perlas_perfume_downy_fresh_sin_marca,limpieza_156_g,Limpieza,77.0
26054,Perlas de Perfume Downy April Fresh 156 g,perlas_perfume_downy_april_fresh_sin,limpieza_156_g,Limpieza,77.0
26069,Intensificador de Olor Downy April 162 g,intensificador_olor_downy_april_sin_marca,limpieza_162_g,Limpieza,73.0
26074,Intensificador de Olor Downy Beads Febreeze 162 g,intensificador_olor_downy_beads_febreeze_sin,limpieza_162_g,Limpieza,73.0
25653,"Abrillantador Piso Loseta, Mármol, Azulejos Alex 2 L",abrillantador_piso_loseta__marmol__azulejos_alex,limpieza_2000_ml,Limpieza,68.0
25669,Abrillantador Piso Flotante Alex Laminados 2 L,abrillantador_piso_flotante_alex_laminados_sin,limpieza_2000_ml,Limpieza,68.0
26083,Blanqueador Ropa Dr. Beckmann 240 g,blanqueador_ropa_dr__beckmann_sin_marca,limpieza_240_g,Limpieza,73.0
31038,Blanqueador dr. beckmann súper blanco 240 g,blanqueador_dr__beckmann_super_blanco_sin,limpieza_240_g,Limpieza,73.0
25732,Toallitas Desmaquillantes Neutrogena Night Calming 25 un.,toallitas_desmaquillantes_neutrogena_night_calming_un_,limpieza_25_un,Limpieza,68.0
25737,Toallitas Desmaquillantes Neutrogena Piel Sensible 25 un.,toallitas_desmaquillantes_neutrogena_piel_sensible_un_,limpieza_25_un,Limpieza,68.0
25679,Destructor de Olores Adclean Gatillo 300 ml,destructor_olores_adclean_gatillo_sin_marca,limpieza_300_ml,Limpieza,74.0
25725,Destructor de Olores Adclean 300 ml y 500 ml,destructor_olores_adclean_500ml_sin_marca,limpieza_300_ml,Limpieza,74.0
25767,Gel Facial Eucerin Hyaluron Filler 30 ml,gel_facial_eucerin_hyaluron_filler_sin,limpieza_30_ml,Limpieza,78.0
25768,Gel Facial Eucerin Hyaluron Filler Booster 30 ml,gel_facial_eucerin_hyaluron_filler_booster,limpieza_30_ml,Limpieza,78.0
25090,Tabletas Lavavajilla Casa Nativa 30 un.,tabletas_lavavajilla_casa_nativa_un__sin,limpieza_30_un,Limpieza,68.0
25099,Tabletas Lavavajilla Frosch 30 un.,tabletas_lavavajilla_frosch_un__sin_marca,limpieza_30_un,Limpieza,68.0
3525,Fideo Pasta Multigrano Espiral Fusilli Bolsa 350 g Vivo,fideo_pasta_multigrano_espiral_fusilli_bolsa,limpieza_350_g,Limpieza,76.0
3529,Fideo Pasta Multigrano Spaghetti N°5 Bolsa 350 g Vivo,fideo_pasta_multigrano_spaghetti_n_5,limpieza_350_g,Limpieza,76.0
5339,Gel De Limpieza Facial Ultra Gentle 354 ml Neutrogena,gel_limpieza_facial_ultra_gentle_neutrogena,limpieza_354_ml,Limpieza,70.0
25808,Gel Limpieza Facial Neutrogena Extra Suave con Dispensador 354 ml,gel_limpieza_facial_neutrogena_extra_suave,limpieza_354_ml,Limpieza,70.0
25880,Cooktop Cleaner Bar Keepers Friend 369 g,cooktop_cleaner_bar_keepers_friend_sin,limpieza_369_g,Limpieza,73.0
25883,Soft Cleanser Bar Keepers Friend 369 g,soft_cleanser_bar_keepers_friend_sin,limpieza_369_g,Limpieza,73.0
386,Fideo Pasta Al Huevo Farfalle Bolsa 400 g Talliani,fideo_pasta_al_huevo_farfalle_bolsa,limpieza_400_g,Limpieza,73.98
387,Fideo Pasta Al Huevo Rigati Bolsa 400 g Talliani,fideo_pasta_al_huevo_rigati_bolsa,limpieza_400_g,Limpieza,73.98
390,Fideo Pasta Al Huevo Rigati Bolsa 400 g Trattoria,fideo_pasta_al_huevo_rigati_bolsa,limpieza_400_g,Limpieza,73.98
391,Fideo Pasta Al Huevo Spaghetti N°5 Bolsa 400 g Talliani,fideo_pasta_al_huevo_spaghetti_n,limpieza_400_g,Limpieza,73.98
392,Fideo Pasta Al Huevo Tallarines N°78 Bolsa 400 g Talliani,fideo_pasta_al_huevo_tallarines_n,limpieza_400_g,Limpieza,73.98
404,Fideo Pasta Al Huevo Fetuccini N°88 Bolsa 400 g Trattoria,fideo_pasta_al_huevo_fetuccini_n,limpieza_400_g,Limpieza,73.98
3479,Fideo Pasta Farfalle Bolsa 400 g Selección,fideo_pasta_farfalle_bolsa_seleccion_sin,limpieza_400_g,Limpieza,73.98
3483,Fideo Pasta Spirali Bolsa 400 g Selección,fideo_pasta_spirali_bolsa_seleccion_sin,limpieza_400_g,Limpieza,73.98
3514,Fideo Pasta Sin Gluten Spaghetti N°5 Bolsa 400 g Vivo,fideo_pasta_gluten_spaghetti_n_5,limpieza_400_g,Limpieza,73.98
3516,Fideo Pasta Sin Gluten Spaghetti N°5 Caja 400 g Barilla,fideo_pasta_gluten_spaghetti_n_5,limpieza_400_g,Limpieza,73.98
26051,Perlas de Perfume Downy Fresh 420 g,perlas_perfume_downy_fresh_sin_marca,limpieza_420_g,Limpieza,77.0
26052,Perlas de Perfume Downy April Fresh 420 g,perlas_perfume_downy_april_fresh_sin,limpieza_420_g,Limpieza,77.0
25996,Perlas de Aroma Arm & Hammer Tropical Paradise 510 g,perlas_aroma_arm_hammer_tropical_paradise,limpieza_510_g,Limpieza,71.0
26021,Perlas de Aroma Arm & Hammer Purifying Waters 510 g,perlas_aroma_arm_hammer_purifying_waters,limpieza_510_g,Limpieza,71.0
25660,Betún Líquido Calzado Virginia Negro 60 ml,betun_calzado_virginia_negro_sin_marca,limpieza_60_ml,Limpieza,72.86
25662,Betún Líquido Calzado Virginia Neutro 60 ml,betun_calzado_virginia_neutro_sin_marca,limpieza_60_ml,Limpieza,72.86
25665,Betún Líquido Calzado Virginia Café 60 ml,betun_calzado_virginia_cafe_sin_marca,limpieza_60_ml,Limpieza,72.86
25691,Betún Líquido Calzado Nugget Café 60 ml,betun_calzado_nugget_cafe_sin_marca,limpieza_60_ml,Limpieza,72.86
25695,Betún Líquido Calzado Nugget Negro 60 ml,betun_calzado_nugget_negro_sin_marca,limpieza_60_ml,Limpieza,72.86
25802,Betún Líquido Calzado Nugget Blanco 60 cc,betun_calzado_nugget_blanco_sin_marca,limpieza_60_ml,Limpieza,72.86
25805,Betún Líquido Calzado Virginia Blanco 60 ml,betun_calzado_virginia_blanco_sin_marca,limpieza_60_ml,Limpieza,72.86
25406,Eliminador de Olores Baño Dejapoo Lemon 70 ml,eliminador_olores_bano_dejapoo_lemon_sin,limpieza_70_ml,Limpieza,76.0
25726,Eliminador de Olores Baño Dejapoo Spicy 70 ml,eliminador_olores_bano_dejapoo_spicy_sin,limpieza_70_ml,Limpieza,76.0
5208,Jabón En Barra Quitamanchas Bolsa 75 g Vanish,jabon_en_barra_quitamanchas_bolsa_vanish,limpieza_75_g,Limpieza,72.83
5275,Jabón En Barra Quitamanchas Barra Blanca Bolsa 75 g Vanish,jabon_en_barra_quitamanchas_blanca_bolsa,limpieza_75_g,Limpieza,72.83
31054,Quitamanchas vanish ropa blanca barra 75 g,quitamanchas_vanish_ropa_blanca_barra_sin,limpieza_75_g,Limpieza,72.83
31069,Quitamanchas vanish rosa barra 75 g,quitamanchas_vanish_rosa_barra_sin_marca,limpieza_75_g,Limpieza,72.83
25388,Pack 2 un. Pastilla para Estanque Pato Purific Marina 80 g,pack_2_un__pastilla_para_estanque,limpieza_80g_2_un,Limpieza,86.0
25567,Pack 2 un. Pastilla para Estanque Lysoform 80 g,pack_2_un__pastilla_para_estanque,limpieza_80g_2_un,Limpieza,86.0
5197,Quitamanchas Polvo Ropa Color Doypack 850 g Vanish,quitamanchas_ropa_color_doypack_vanish_sin,limpieza_850_g,Limpieza,73.67
5266,Quitamanchas Polvo Ropa Blanca Doypack 850 g Vanish,quitamanchas_ropa_blanca_doypack_vanish_sin,limpieza_850_g,Limpieza,73.67
31063,Quitamanchas vanish polvo rosa doypack 850 g,quitamanchas_vanish_rosa_doypack_sin_marca,limpieza_850_g,Limpieza,73.67
31077,Quitamanchas vanish blanco polvo doypack 850 g,quitamanchas_vanish_blanco_doypack_sin_marca,limpieza_850_g,Limpieza,73.67
3475,Fideo Pasta Espirales N°49 Bolsa 400 g Carozzi,fideo_pasta_espirales_n_49_bolsa,limpieza_carozzi_400_g,Limpieza,81.5
3486,Fideo Pasta Mix Tallarines N°87 Espinaca Bolsa 400 g Carozzi,fideo_pasta_mix_tallarines_n_87,limpieza_carozzi_400_g,Limpieza,81.5
3523,Fideo Pasta Spaghetti N°5 Bolsa 400 g Carozzi,fideo_pasta_spaghetti_n_5_bolsa,limpieza_carozzi_400_g,Limpieza,81.5
3524,Fideo Pasta Quifaros N°36 Bolsa 400 g Carozzi,fideo_pasta_quifaros_n_36_bolsa,limpieza_carozzi_400_g,Limpieza,81.5
3526,Fideo Pasta Mix Fusilli Tricolor Bolsa 400 g Carozzi,fideo_pasta_mix_fusilli_tricolor_bolsa,limpieza_carozzi_400_g,Limpieza,81.5
31026,Quitamanchas clorox ropa colores vivos 300 ml,quitamanchas_clorox_ropa_colores_vivos_sin,limpieza_cloro_300_ml,Limpieza,68.0
31027,Quitamanchas clorox blanco supremo 300 ml,quitamanchas_clorox_blanco_supremo_sin_marca,limpieza_cloro_300_ml,Limpieza,68.0
5234,Quitamanchas Polvo Ultra Ropa Color Sin Cloro Doypack 450 g Clorox,quitamanchas_ultra_ropa_color_cloro_doypack,limpieza_cloro_450_g,Limpieza,77.0
5282,Quitamanchas Polvo Ultra Ropa Blanca Sin Cloro Doypack 450 g Clorox,quitamanchas_ultra_ropa_blanca_cloro_doypack,limpieza_cloro_450_g,Limpieza,77.0
5241,Quitamanchas Líquido Colores Llamativos Sin Cloro Botella 960 g Lider,quitamanchas_colores_llamativos_sin_cloro_botella,limpieza_cloro_lider_960_g,Limpieza,80.0
5290,Quitamanchas Líquido Blanco Superior Sin Cloro Botella 960 g Lider,quitamanchas_blanco_superior_sin_cloro_botella,limpieza_cloro_lider_960_g,Limpieza,80.0
5363,"Lavalozas Pureza Esencial Con Bio Activos Concentrado 1,2 L Quix",lavalozas_pureza_esencial_con_bio_activos,limpieza_concentrado_1200_ml,Limpieza,73.0
5381,"Lavalozas Piel Sensible Con Bio Activos Concentrado 1,2 L Quix",lavalozas_piel_sensible_con_bio_activos,limpieza_concentrado_1200_ml,Limpieza,73.0
5359,Lavaloza Ultra Concentrado Rinde 3x Más 450 ml Quix,lavaloza_ultra_concentrado_rinde_3x_mas,limpieza_concentrado_450_ml,Limpieza,71.0
5369,Lavalozas Ultra Concentrado 450 ml Quix,lavalozas_ultra_concentrado_quix_sin_marca,limpieza_concentrado_450_ml,Limpieza,71.0
5365,Lavalozas Concentrado Ultra Oxy Botella 591 ml Great Value,lavalozas_concentrado_ultra_oxy_botella_great,limpieza_concentrado_591_ml,Limpieza,76.0
5384,Lavalozas Concentrado Ultra Mandarina Botella 591 ml Great Value,lavalozas_concentrado_ultra_mandarina_botella_great,limpieza_concentrado_591_ml,Limpieza,76.0
25224,Papel Higiénico Confort Doble Hoja 25 m 24 un.,papel_higienico_confort_doble_hoja_25,limpieza_confort_24_un,Limpieza,84.0
31110,Papel higiénico confort doble hoja 24 un 22 mt,papel_higienico_confort_doble_hoja_22,limpieza_confort_24_un,Limpieza,84.0
5313,Papel Higiénico Doble Hoja 22 Metros 40 Un Confort,papel_higienico_doble_hoja_22_metros,limpieza_confort_40_un,Limpieza,81.6
5314,Papel Higiénico Húmedo 3 Paquetes 40 Un 40 Un Confort,papel_higienico_humedo_3_paquetes_confort,limpieza_confort_40_un,Limpieza,81.6
25242,Papel Higiénico Confort Doble Hoja 22 m 40 un.,papel_higienico_confort_doble_hoja_22,limpieza_confort_40_un,Limpieza,81.6
25262,Papel Higiénico Húmedo Confort 3 Paquetes de 40 un.,papel_higienico_humedo_confort_3_paquetes,limpieza_confort_40_un,Limpieza,81.6
25280,Papel Higiénico Confort Doble Hoja 25 m 40 un.,papel_higienico_confort_doble_hoja_25,limpieza_confort_40_un,Limpieza,81.6
31106,Papel higiénico confort doble hoja 40 un de 22 m,papel_higienico_confort_doble_hoja_22,limpieza_confort_40_un,Limpieza,81.6
5299,Papel Higiénico Doble Hoja 20 Metros 4 Un Confort,papel_higienico_doble_hoja_20_metros,limpieza_confort_4_un,Limpieza,83.4
25233,Papel Higiénico Confort Doble Hoja 50 m 4 un.,papel_higienico_confort_doble_hoja_50,limpieza_confort_4_un,Limpieza,83.4
25255,Papel Higiénico Confort Doble Hoja 30 m 4 un.,papel_higienico_confort_doble_hoja_30,limpieza_confort_4_un,Limpieza,83.4
25281,Papel Higiénico Confort Doble Hoja 22 m 4 un.,papel_higienico_confort_doble_hoja_22,limpieza_confort_4_un,Limpieza,83.4
31104,Papel higiénico confort doble hoja rendiplus 4 un 18 mt,papel_higienico_confort_doble_hoja_rendiplus,limpieza_confort_4_un,Limpieza,83.4
25044,Detergente Líquido Perwoll Ropa Color 1.4 L,detergente_perwoll_ropa_color_sin_marca,limpieza_detergente_1400_ml,Limpieza,80.0
25051,Detergente Líquido Perwoll Ropa Deportiva 1.4 L,detergente_perwoll_ropa_deportiva_sin_marca,limpieza_detergente_1400_ml,Limpieza,80.0
5202,Detergente Lavavajilla Todo En 1. 20 Un Sun,detergente_lavavajilla_todo_en_1__sun,limpieza_detergente_20_un,Limpieza,73.0
25062,Detergente Lavavajilla Tabletas Sun Máquina 3En1 20 un.,detergente_lavavajilla_tabletas_sun_maquina_3en1,limpieza_detergente_20_un,Limpieza,73.0
25150,Detergente Lavavajilla Sun Tabletas 3 en 1 - 20 un.,detergente_lavavajilla_sun_tabletas_3_en,limpieza_detergente_20_un,Limpieza,73.0
25097,Detergente Lavavajilla Cascade Complete Gel 2.12 kg,detergente_lavavajilla_cascade_complete_gel_sin,limpieza_detergente_2120_g,Limpieza,80.0
25121,Detergente Lavavajilla Cascade Gel Fresh 2.12 kg,detergente_lavavajilla_cascade_gel_fresh_sin,limpieza_detergente_2120_g,Limpieza,80.0
25001,Detergente Cápsulas Tide Pods Spring Meadow 31 un.,detergente_capsulas_tide_pods_spring_meadow,limpieza_detergente_31_un,Limpieza,75.0
30998,Detergente en cápsulas pods tide 31un,detergente_en_capsulas_pods_tide_sin,limpieza_detergente_31_un,Limpieza,75.0
24987,Pack 2 un. Detergente Líquido Ariel Doble Poder 1.8 L,pack_2_un__detergente_doble_poder,limpieza_detergente_ariel_1800ml_2_un,Limpieza,87.0
25144,Pack Detergente Líquido Ariel Toque Downy 1.8 L 2 un.,pack_detergente_toque_downy_2_un_,limpieza_detergente_ariel_1800ml_2_un,Limpieza,87.0
24931,Detergente Líquido Ariel Limpieza Profunda 2.8 L,detergente_limpieza_profunda_ariel_liquido_2_8l,limpieza_detergente_ariel_2800_ml,Limpieza,83.0
25200,Detergente Líquido Ariel Revitacolor 2.8 L,detergente_revitacolor_ariel_liquido_2_8l,limpieza_detergente_ariel_2800_ml,Limpieza,83.0
24934,Detergente Cápsulas Ariel Pods 57 un.,detergente_capsulas_pods_un__ariel_general,limpieza_detergente_ariel_57_un,Limpieza,82.0
30999,Detergente cápsulas ariel 3 en 1 power pods 57 un,detergente_capsulas_3_en_1_power,limpieza_detergente_ariel_57_un,Limpieza,82.0
25020,Detergente Polvo Bio Frescura Bosque Nativo 2.5 kg,detergente_bosque_nativo_bio_frescura_polvo,limpieza_detergente_bio_frescura_2500_g,Limpieza,100.0
30994,Detergente bio frescura bosque nativo polvo 2.5 kg,detergente_bosque_nativo_bio_frescura_polvo,limpieza_detergente_bio_frescura_2500_g,Limpieza,100.0
24982,Detergente Líquido Bio Frescura Bosque Nativo 3 L,detergente_bosque_nativo_bio_frescura_liquido,limpieza_detergente_bio_frescura_3000_ml,Limpieza,83.67
25005,Detergente Líquido Bio Frescura Campos de Hielo 3 L,detergente_campos_hielo_bio_frescura_liquido,limpieza_detergente_bio_frescura_3000_ml,Limpieza,83.67
25031,Detergente Líquido Bio Frescura Desierto Florido 3 L,detergente_desierto_florido_bio_frescura_liquido,limpieza_detergente_bio_frescura_3000_ml,Limpieza,83.67
30990,Detergente bio frescura matic líquido botella 3 l,detergente_matic_botella_bio_frescura_liquido,limpieza_detergente_bio_frescura_3000_ml,Limpieza,83.67
24937,Pack 2 un. Detergente Líquido Bio Frescura Bosque Nativo 3 L,pack_2_un__detergente_bosque_nativo,limpieza_detergente_bio_frescura_3000ml_2_un,Limpieza,89.0
24956,Pack 2 un. Detergente Líquido Bio Frescura Campos de Hielo 3 L,pack_2_un__detergente_campos_hielo,limpieza_detergente_bio_frescura_3000ml_2_un,Limpieza,89.0
24980,Pack 2 un. Detergente Líquido Bio Frescura Desierto Florido 3 L,pack_2_un__detergente_desierto_florido,limpieza_detergente_bio_frescura_3000ml_2_un,Limpieza,89.0
31013,Pack detergente líquido bio frescura 2 un de 3 l,pack_detergente_2_un_bio_frescura,limpieza_detergente_bio_frescura_3000ml_2_un,Limpieza,89.0
25063,Detergente Polvo Bio Frescura Desierto Florido 4.5 kg,detergente_desierto_florido_bio_frescura_polvo,limpieza_detergente_bio_frescura_4500_g,Limpieza,86.33
25206,Detergente Polvo Bio Frescura Campos de Hielo 4.5 kg,detergente_campos_hielo_bio_frescura_polvo,limpieza_detergente_bio_frescura_4500_g,Limpieza,86.33
31003,Detergente polvo bio frescura 4.5 kg,detergente_bio_frescura_polvo_4_5_kg,limpieza_detergente_bio_frescura_4500_g,Limpieza,86.33
25039,Detergente Concentrado Glare Sport 2.7 L,detergente_concentrado_glare_sport_sin_marca,limpieza_detergente_concentrado_2700_ml,Limpieza,80.0
25046,Detergente Concentrado Glare Dark 2.7 L,detergente_concentrado_glare_dark_sin_marca,limpieza_detergente_concentrado_2700_ml,Limpieza,80.0
25045,Detergente Líquido The Pink Stuff Hipoalergénico Concentrado 960 ml,detergente_the_pink_stuff_hipoalergenico_concentrado,limpieza_detergente_concentrado_960_ml,Limpieza,79.33
25078,Detergente Líquido The Pink Stuff Bio Concentrado 960 ml,detergente_the_pink_stuff_bio_concentrado,limpieza_detergente_concentrado_960_ml,Limpieza,79.33
25091,Detergente Líquido The Pink Stuff Ropa Color Concentrado 960 ml,detergente_the_pink_stuff_ropa_color,limpieza_detergente_concentrado_960_ml,Limpieza,79.33
24921,Pack Detergente Líquido Drive Expert Botella 1.8 L + Doypack 1.8 L + Lavaloza Quix Ultra 300 ml,pack_detergente_expert_botella_doypack_lavaloza,limpieza_detergente_drive_1800_ml,Limpieza,88.17
30974,Detergente líquido drive expert doypack 1.8 l,detergente_expert_doypack_drive_liquido_1_8l,limpieza_detergente_drive_1800_ml,Limpieza,88.17
30983,Detergente líquido drive expert botella 1.8 l,detergente_expert_botella_drive_liquido_1_8l,limpieza_detergente_drive_1800_ml,Limpieza,88.17
31024,Pack detergente líquido drive expert 1.8 l + doypack 1.8 l,pack_detergente_expert_doypack_drive_liquido,limpieza_detergente_drive_1800_ml,Limpieza,88.17
24974,Pack 2 un. Detergente para Preparar Drive 500 ml,pack_2_un__detergente_para_preparar,limpieza_detergente_drive_500ml_2_un,Limpieza,88.33
25154,Pack 2 un. Detergente Líquido Drive Diluible 500 ml + Quix + Comfort 500 ml,pack_2_un__detergente_diluible_quix,limpieza_detergente_drive_500ml_2_un,Limpieza,88.33
25201,Pack 2 un. Detergente Líquido Drive Diluible 500 ml,pack_2_un__detergente_diluible_drive,limpieza_detergente_drive_500ml_2_un,Limpieza,88.33
5182,Detergente Concentrado Líquido Expert Doypack 1.8 L Drive,detergente_concentrado_expert_doypack_drive_liquido,limpieza_detergente_drive_concentrado_1800_ml,Limpieza,92.2
5189,"Detergente Concentrado Líquido Expert Botella 1,8 L Drive",detergente_concentrado_expert_botella_drive_liquido,limpieza_detergente_drive_concentrado_1800_ml,Limpieza,92.2
24922,Pack Detergente Líquido Concentrado Drive Expert Botella 1.8 L + Doypack 1.8 L,pack_detergente_concentrado_expert_botella_doypack,limpieza_detergente_drive_concentrado_1800_ml,Limpieza,92.2
24923,Detergente Líquido Concentrado Drive Expert Botella 1.8 L,detergente_concentrado_expert_botella_drive_liquido,limpieza_detergente_drive_concentrado_1800_ml,Limpieza,92.2
24925,Detergente Líquido Concentrado Drive Expert Doypack 1.8 L,detergente_concentrado_expert_doypack_drive_liquido,limpieza_detergente_drive_concentrado_1800_ml,Limpieza,92.2
5159,Detergente Líquido Concentrado Expert Líquido Botella 2.8 L Drive,detergente_concentrado_expert_botella_drive_liquido,limpieza_detergente_drive_concentrado_2800_ml,Limpieza,100.0
24920,Detergente Líquido Concentrado Drive Expert Botella 2.8 L,detergente_concentrado_expert_botella_drive_liquido,limpieza_detergente_drive_concentrado_2800_ml,Limpieza,100.0
25054,Detergente Líquido Fuzol Hipoalergénico Doypack 2700 ml,detergente_fuzol_hipoalergenico_doypack_sin_marca,limpieza_detergente_fuzol_2700_ml,Limpieza,86.33
25073,Detergente Líquido Fuzol con Suavizante Doypack 2700 ml,detergente_fuzol_con_suavizante_doypack_sin,limpieza_detergente_fuzol_2700_ml,Limpieza,86.33
25074,Detergente Líquido Fuzol Forte Doypack 2700 ml,detergente_fuzol_forte_doypack_sin_marca,limpieza_detergente_fuzol_2700_ml,Limpieza,86.33
31006,Detergente líquido fuzol forte doypack 2.7 l,detergente_fuzol_forte_doypack_sin_marca,limpieza_detergente_fuzol_2700_ml,Limpieza,86.33
5158,Detergente Líquido Forte Doypack 3 l Fuzol,detergente_forte_doypack_fuzol_sin_marca,limpieza_detergente_fuzol_3000_ml,Limpieza,86.0
24935,Detergente Líquido Fuzol Forte Doypack 3 L,detergente_fuzol_forte_doypack_sin_marca,limpieza_detergente_fuzol_3000_ml,Limpieza,86.0
24946,Detergente Líquido Fuzol Piel Delicada Doypack 3 L,detergente_fuzol_piel_delicada_doypack_sin,limpieza_detergente_fuzol_3000_ml,Limpieza,86.0
24948,Detergente Líquido Fuzol Forte con Suavizante Doypack 3 L,detergente_fuzol_forte_con_suavizante_doypack,limpieza_detergente_fuzol_3000_ml,Limpieza,86.0
24964,Detergente Líquido Fuzol Forte Frasco 3 L,detergente_fuzol_forte_frasco_sin_marca,limpieza_detergente_fuzol_3000_ml,Limpieza,86.0
24969,Detergente Líquido Fuzol Color Protect Doypack 3 L,detergente_fuzol_color_protect_doypack_sin,limpieza_detergente_fuzol_3000_ml,Limpieza,86.0
5149,Detergente Líquido Forte Doypack 600 ml Fuzol,detergente_forte_doypack_fuzol_sin_marca,limpieza_detergente_fuzol_600_ml,Limpieza,84.0
25177,Detergente Líquido Fuzol para Diluir 600 ml,detergente_fuzol_para_diluir_sin_marca,limpieza_detergente_fuzol_600_ml,Limpieza,84.0
24960,Detergente en Láminas Casa Nativa Aroma Lavanda 30 un.,detergente_en_laminas_casa_nativa_aroma,limpieza_detergente_lavanda_30_un,Limpieza,84.0
25196,Detergente en Láminas Casa Nativa Aroma Lavanda 30 un + Perlas Suavizantes de Regalo,detergente_en_laminas_casa_nativa_aroma,limpieza_detergente_lavanda_30_un,Limpieza,84.0
5154,Detergente Líquido Flores Frescas Botella 3 L Lider,detergente_flores_frescas_botella_lider_liquido,limpieza_detergente_lider_flores_3000_ml,Limpieza,88.0
5156,Detergente Líquido Flores De Primavera Doypack 3 L Lider,detergente_flores_primavera_doypack_lider_liquido,limpieza_detergente_lider_flores_3000_ml,Limpieza,88.0
5175,Detergente Líquido Flores De Primavera Botella 3L Lider,detergente_flores_primavera_botella_lider_liquido,limpieza_detergente_lider_flores_3000_ml,Limpieza,88.0
5165,Detergente Líquido Ultra Power Piel Sensible Doypack ml g Omo,detergente_ultra_power_piel_sensible_doypack,limpieza_detergente_omo,Limpieza,75.0
5167,Detergente Para Preparar Líquido Ultra Power Piel Sensible Botella Pack L g Omo,detergente_para_preparar_ultra_power_piel,limpieza_detergente_omo,Limpieza,75.0
5147,Detergente Polvo Ultra Power Bolsa 5 kg Omo,detergente_ultra_power_bolsa_omo_polvo,limpieza_detergente_omo_5000_g,Limpieza,86.67
24984,Detergente Polvo Omo Matic Ultra Power 5 kg,detergente_matic_ultra_power_omo_polvo,limpieza_detergente_omo_5000_g,Limpieza,86.67
30979,Detergente omo matic polvo bolsa 5 kg,detergente_matic_bolsa_omo_polvo_5,limpieza_detergente_omo_5000_g,Limpieza,86.67
25011,Detergente Polvo Omo Matic Ultra Power Bolsa 8 kg,detergente_matic_ultra_power_bolsa_omo,limpieza_detergente_omo_8000_g,Limpieza,88.0
30965,Detergente omo matic polvo 8 kg,detergente_matic_omo_polvo_8_kg,limpieza_detergente_omo_8000_g,Limpieza,88.0
25033,Detergente Líquido Omo Piel Sensible Doypack 800 ml,detergente_piel_sensible_doypack_omo_liquido,limpieza_detergente_omo_800_ml,Limpieza,100.0
30971,Detergente líquido omo piel sensible doypack 800 ml,detergente_piel_sensible_doypack_omo_liquido,limpieza_detergente_omo_800_ml,Limpieza,100.0
5191,"Detergente En Polvo Ultra Power Aloe Vera Bolsa 2,7 kg Omo",detergente_en_ultra_power_aloe_vera,limpieza_detergente_omo_aloe_2700_g,Limpieza,86.67
25028,Detergente Polvo Omo Matic Ultra Power Aloe Vera Bolsa 2.7 kg,detergente_matic_ultra_power_aloe_vera,limpieza_detergente_omo_aloe_2700_g,Limpieza,86.67
30981,Detergente en polvo omo soft aloe vera 2.7 kg,detergente_en_soft_aloe_vera_omo,limpieza_detergente_omo_aloe_2700_g,Limpieza,86.67
5164,Detergente Líquido Ultra Power Aloe Vera Botella 3 L Omo,detergente_ultra_power_aloe_vera_botella,limpieza_detergente_omo_aloe_3000_ml,Limpieza,91.17
5168,Detergente Líquido Ultra Power Aloe Vera Doypack 3 L Omo,detergente_ultra_power_aloe_vera_doypack,limpieza_detergente_omo_aloe_3000_ml,Limpieza,91.17
24940,Detergente Líquido Omo Ultra Power Soft Aloe Vera Doypack 3 L,detergente_ultra_power_soft_aloe_vera,limpieza_detergente_omo_aloe_3000_ml,Limpieza,91.17
24963,Detergente Líquido Omo Ultra Power Soft Aloe Vera 3 L,detergente_ultra_power_soft_aloe_vera,limpieza_detergente_omo_aloe_3000_ml,Limpieza,91.17
25088,Detergente Líquido Popeye Ecofriendly Botella 1 L,detergente_popeye_ecofriendly_botella_sin_marca,limpieza_detergente_popeye_1000_ml,Limpieza,82.0
31001,Detergente líquido popeye hipoalergénico doypack 1 l,detergente_popeye_hipoalergenico_doypack_sin_marca,limpieza_detergente_popeye_1000_ml,Limpieza,82.0
24990,Detergente Líquido Popeye Matic Hipoalergénico Doypack 3 L,detergente_popeye_matic_hipoalergenico_doypack_sin,limpieza_detergente_popeye_3000_ml,Limpieza,87.0
25018,Detergente Líquido Popeye Ecofriendly Matic 3 L,detergente_popeye_ecofriendly_matic_sin_marca,limpieza_detergente_popeye_3000_ml,Limpieza,87.0
25086,Detergente Líquido Popeye Hipoalergénico 3 L,detergente_popeye_hipoalergenico_sin_marca_liquido,limpieza_detergente_popeye_3000_ml,Limpieza,87.0
30987,Detergente líquido popeye hipoalergénico doypack 3 l,detergente_popeye_hipoalergenico_doypack_sin_marca,limpieza_detergente_popeye_3000_ml,Limpieza,87.0
24955,Detergente Líquido Popeye Bebé Hipoalergénico 3 L,detergente_popeye_bebe_hipoalergenico_sin_marca,limpieza_detergente_popeye_bebe_3000_ml,Limpieza,90.0
25041,Detergente Líquido Popeye Bebé Hipoalergénico Matic 3 L,detergente_popeye_bebe_hipoalergenico_matic_sin,limpieza_detergente_popeye_bebe_3000_ml,Limpieza,90.0
30973,Detergente líquido rinso matic lirios y rosas doypack 2.7 l,detergente_rinso_matic_lirios_rosas_doypack,limpieza_detergente_rinso_2700_ml,Limpieza,84.0
31023,Pack recarga detergente líquido matic rinso doypack 2x2.7l,pack_recarga_detergente_matic_rinso_doypack,limpieza_detergente_rinso_2700_ml,Limpieza,84.0
25049,Detergente Rinso Lirios 4.3 kg,detergente_rinso_lirios_sin_marca_general,limpieza_detergente_rinso_4300_g,Limpieza,84.0
30985,Detergente en polvo aroma lirios y rosas rinso 4.3kg,detergente_en_aroma_lirios_rosas_rinso,limpieza_detergente_rinso_4300_g,Limpieza,84.0
25066,Detergente Líquido Rinso Lirios y Rosas 500 ml,detergente_rinso_lirios_rosas_sin_marca,limpieza_detergente_rinso_500_ml,Limpieza,87.0
25186,Detergente Líquido Rinso 500 ml,detergente_rinso_sin_marca_liquido_500ml,limpieza_detergente_rinso_500_ml,Limpieza,87.0
24998,Detergente Polvo Rinso Hortensias y Flor 800 g,detergente_rinso_hortensias_flor_sin_marca,limpieza_detergente_rinso_800_g,Limpieza,85.0
25009,Detergente Polvo Rinso Lirios y Rosas 800 g,detergente_rinso_lirios_rosas_sin_marca,limpieza_detergente_rinso_800_g,Limpieza,85.0
25184,Detergente Polvo Rinso Hortencias 800 g,detergente_rinso_hortencias_sin_marca_polvo,limpieza_detergente_rinso_800_g,Limpieza,85.0
5150,Detergente En Polvo Hortensias Y Flores Blancas 2.5 kg Rinso,detergente_en_hortensias_flores_blancas_rinso,limpieza_detergente_rinso_flores_2500_g,Limpieza,100.0
30980,Detergente en polvo hortensias y flores blancas rinso 2.5kg,detergente_en_hortensias_flores_blancas_rinso,limpieza_detergente_rinso_flores_2500_g,Limpieza,100.0
5317,Papel Higiénico Doble Hoja Ultra 40 M 18 Un Elite,papel_higienico_doble_hoja_ultra_40,limpieza_elite_18_un,Limpieza,86.67
25210,Papel Higiénico Elite Doble Hoja Ultra Suave 50 m 18 un.,papel_higienico_elite_doble_hoja_ultra,limpieza_elite_18_un,Limpieza,86.67
25212,Papel Higiénico Elite Ultra Doble Hoja 40 m 18 un.,papel_higienico_elite_ultra_doble_hoja,limpieza_elite_18_un,Limpieza,86.67
31111,Papel higiénico elite doble hoja ultra suave 18 un 40 mt,papel_higienico_elite_doble_hoja_ultra,limpieza_elite_18_un,Limpieza,86.67
5309,Papel Higiénico Húmedo 40 Un 40 Un Elite,papel_higienico_humedo_elite_sin_marca,limpieza_elite_40_un,Limpieza,82.0
25219,Papel Higiénico Húmedo Elite 40 un.,papel_higienico_humedo_elite_un__sin,limpieza_elite_40_un,Limpieza,82.0
25298,Papel Higiénico Elite Ultra Doble Hoja 25 m 40 un.,papel_higienico_elite_ultra_doble_hoja,limpieza_elite_40_un,Limpieza,82.0
5308,Papel Higiénico Ultra Eco Doble Hoja 50 M 9 Un Elite,papel_higienico_ultra_eco_doble_hoja,limpieza_elite_9_un,Limpieza,87.0
25222,Papel Higiénico Elite Eco Doble Hoja 50 m 9 un.,papel_higienico_elite_eco_doble_hoja,limpieza_elite_9_un,Limpieza,87.0
25238,Papel Higiénico Family Care Triple Hoja 22 m 12 un.,papel_higienico_family_care_triple_hoja,limpieza_family_care_12_un,Limpieza,84.0
25259,Papel Higiénico Family Care Doble Hoja 25 m 12 un.,papel_higienico_family_care_doble_hoja,limpieza_family_care_12_un,Limpieza,84.0
25223,Papel Higiénico Family Care Doble Hoja 22 m 40 un.,papel_higienico_family_care_doble_hoja,limpieza_family_care_40_un,Limpieza,95.0
25267,Papel Higiénico Family Care Doble Hoja 25 m 40 un.,papel_higienico_family_care_doble_hoja,limpieza_family_care_40_un,Limpieza,95.0
25220,Papel Higiénico Family Care Doble Hoja 22 m 4 un.,papel_higienico_family_care_doble_hoja,limpieza_family_care_4_un,Limpieza,95.0
25239,Papel Higiénico Family Care Doble Hoja 50 m 4 un.,papel_higienico_family_care_doble_hoja,limpieza_family_care_4_un,Limpieza,95.0
25275,Papel Higiénico Family Care Doble Hoja 27 m 4 un.,papel_higienico_family_care_doble_hoja,limpieza_family_care_4_un,Limpieza,95.0
25221,Papel Higiénico Family Care Doble Hoja 50 m 8 un.,papel_higienico_family_care_doble_hoja,limpieza_family_care_8_un,Limpieza,86.87
25237,Papel Higiénico Family Care Una Hoja 50 m 8 un.,papel_higienico_family_care_una_hoja,limpieza_family_care_8_un,Limpieza,86.87
25241,Papel Higiénico Family Care 100 m 8 un.,papel_higienico_family_care_100_m,limpieza_family_care_8_un,Limpieza,86.87
25245,Papel Higiénico Family Care Doble Hoja 40 m 8 un.,papel_higienico_family_care_doble_hoja,limpieza_family_care_8_un,Limpieza,86.87
25274,Papel Higiénico Family Care Hoja Simple 50 m 8 un.,papel_higienico_family_care_hoja_simple,limpieza_family_care_8_un,Limpieza,86.87
25276,Papel Higiénico Family Care Doble Hoja 27 m 8 un.,papel_higienico_family_care_doble_hoja,limpieza_family_care_8_un,Limpieza,86.87
5319,Papel Higiénico Doble Hoja 25 M 24 Un Favorita,papel_higienico_doble_hoja_25_m,limpieza_favorita_24_un,Limpieza,87.0
25229,Papel Higiénico Favorita Acolchado Doble Hoja 23.5 m 24 un.,papel_higienico_favorita_acolchado_doble_hoja,limpieza_favorita_24_un,Limpieza,87.0
31123,Papel higiénico favorita acolchado doble hoja 24 un de 22 m,papel_higienico_favorita_acolchado_doble_hoja,limpieza_favorita_24_un,Limpieza,87.0
5305,Papel Higiénico Soft Care Doble Hoja 50 M 4 Un Favorita,papel_higienico_soft_care_doble_hoja,limpieza_favorita_4_un,Limpieza,83.67
25228,Papel Higiénico Favorita Soft Care Doble Hoja 50 m 4 un.,papel_higienico_favorita_soft_care_doble,limpieza_favorita_4_un,Limpieza,83.67
25246,Papel Higiénico Favorita Acolchado Doble Hoja 22 m 4 un.,papel_higienico_favorita_acolchado_doble_hoja,limpieza_favorita_4_un,Limpieza,83.67
25282,Papel Higiénico Favorita Acolchamax Doble Hoja 37 m 4 un.,papel_higienico_favorita_acolchamax_doble_hoja,limpieza_favorita_4_un,Limpieza,83.67
25558,Pastilla Inodoro Wc Virutex Lavanda Sanitizante 1 un.,pastilla_inodoro_wc_virutex_lavanda_sanitizante,limpieza_lavanda_1_un,Limpieza,71.0
25562,Pastilla Inodoro Wc Virutex Canastilla Lavanda 1 un.,pastilla_inodoro_wc_virutex_canastilla_lavanda,limpieza_lavanda_1_un,Limpieza,71.0
25574,Pastilla para Estanque Pato Purific Lavanda 25 g,pastilla_para_estanque_pato_purific_lavanda,limpieza_lavanda_25_g,Limpieza,70.0
25796,Pastilla Estanque Baño Glade Wc Lavanda 25 g,pastilla_estanque_bano_glade_wc_lavanda,limpieza_lavanda_25_g,Limpieza,70.0
5349,Lavavajillas Regeneradora 1 kg Sun,lavavajillas_regeneradora_sun_sin_marca_general,limpieza_lavavajillas_1000_g,Limpieza,70.0
25924,Sal Lavavajillas Sun Progress 1 kg,sal_lavavajillas_sun_progress_sin_marca,limpieza_lavavajillas_1000_g,Limpieza,70.0
5350,Lavavajillas Abrillantador 250 ml Great Value,lavavajillas_abrillantador_great_value_sin_marca,limpieza_lavavajillas_250_ml,Limpieza,70.0
25944,Abrillantador Lavavajillas Cascade 250 ml,abrillantador_lavavajillas_cascade_sin_marca_general,limpieza_lavavajillas_250_ml,Limpieza,70.0
5347,Lavavajillas Platinum Fresh Caja 34 Un Cascade,lavavajillas_platinum_fresh_caja_cascade_sin,limpieza_lavavajillas_34_un,Limpieza,73.0
25104,Lavavajillas Cascade Platinum Fresh 34 un.,lavavajillas_cascade_platinum_fresh_un__sin,limpieza_lavavajillas_34_un,Limpieza,73.0
5351,Abrillantador Lavavajillas Triple Acción Botella 500 ml Sun,abrillantador_lavavajillas_triple_accion_botella_sun,limpieza_lavavajillas_500_ml,Limpieza,72.67
25928,Abrillantador Lavavajillas Klären 500 ml,abrillantador_lavavajillas_klaren_sin_marca_general,limpieza_lavavajillas_500_ml,Limpieza,72.67
25943,Abrillantador Lavavajillas Sun Triple Acción 500 cc,abrillantador_lavavajillas_sun_triple_accion_sin,limpieza_lavavajillas_500_ml,Limpieza,72.67
3671,Sal Para Lavavajillas Doypack 1 kg Finish,sal_para_lavavajillas_doypack_finish_sin,limpieza_lavavajillas_finish_1000_g,Limpieza,82.0
25926,Sal Especial Lavavajillas Finish 1 kg,sal_especial_lavavajillas_finish_sin_marca,limpieza_lavavajillas_finish_1000_g,Limpieza,82.0
5200,Abrillantador Para Lavavajillas 400 ml Finish,abrillantador_para_lavavajillas_finish_sin_marca,limpieza_lavavajillas_finish_400_ml,Limpieza,87.0
25925,Abrillantador Lavavajillas Finish 400 ml,abrillantador_lavavajillas_finish_sin_marca_general,limpieza_lavavajillas_finish_400_ml,Limpieza,87.0
5302,Papel Higiénico Superior Doble Hoja 50 M 12 Un Lider,papel_higienico_superior_doble_hoja_50,limpieza_lider_12_un,Limpieza,87.0
5311,Papel Higiénico Doble Hoja 50 M 12 Un Lider,papel_higienico_doble_hoja_50_m,limpieza_lider_12_un,Limpieza,87.0
5354,Lavaloza Aroma Limón Doy Pak 450 ml Magistral,lavaloza_aroma_limon_doy_pak_magistral,limpieza_limon_450_ml,Limpieza,71.0
25940,Lavaloza Magistral Doypack Limón 450 ml,lavaloza_magistral_doypack_limon_sin_marca,limpieza_limon_450_ml,Limpieza,71.0
5375,Lavaloza Limón Con Bio Activos Concentrado 900 ml Quix,lavaloza_limon_con_bio_activos_concentrado,limpieza_limon_concentrado_900_ml,Limpieza,75.0
25938,Lavaloza Quix Limón Concentrado 900 ml,lavaloza_quix_limon_concentrado_sin_marca,limpieza_limon_concentrado_900_ml,Limpieza,75.0
25873,Mousse Facial Café Mimi Limpiador Hidratación 110 ml,mousse_facial_cafe_mimi_limpiador_hidratacion,limpieza_limpiador_110_ml,Limpieza,78.0
25874,Mousse Facial Café Mimi Limpiador Piel Limpia 110 ml,mousse_facial_cafe_mimi_limpiador_piel,limpieza_limpiador_110_ml,Limpieza,78.0
25417,Limpiador Inodoro Pato Purific Cítrico 25 g,limpiador_inodoro_pato_purific_citrico_sin,limpieza_limpiador_25_g,Limpieza,76.0
25716,Limpiador Inodoro Pato Purific Pino 25 g,limpiador_inodoro_pato_purific_pino_sin,limpieza_limpiador_25_g,Limpieza,76.0
25552,Limpiador de Plata Poliboy 375 ml,limpiador_plata_poliboy_sin_marca_general,limpieza_limpiador_375_ml,Limpieza,74.0
25604,Limpiador Cuero Poliboy 375 ml,limpiador_cuero_poliboy_sin_marca_general,limpieza_limpiador_375_ml,Limpieza,74.0
25784,Limpiador Scotch-Brite Acero Inoxidable 495 g,limpiador_scotch_brite_acero_inoxidable_sin,limpieza_limpiador_495_g,Limpieza,74.0
25893,Limpiador de Acero Inoxidable 495 g,limpiador_acero_inoxidable_sin_marca_general,limpieza_limpiador_495_g,Limpieza,74.0
25392,Recargas Limpiador Baño Casa Nativa Tabletas Ultraconcentradas 4 un.,recargas_limpiador_bano_casa_nativa_tabletas,limpieza_limpiador_4_un,Limpieza,72.0
25498,Recarga Limpiador Multiuso Casa Nativa 4 Tabletas Ultraconcentradas 4 un.,recarga_limpiador_multiuso_casa_nativa_tabletas,limpieza_limpiador_4_un,Limpieza,72.0
25623,Limpiador Pigeon Biberones 700 ml,limpiador_pigeon_biberones_sin_marca_general,limpieza_limpiador_700_ml,Limpieza,71.0
25903,Limpiador de Biberón Pigeon Yuzu 700 ml,limpiador_biberon_pigeon_yuzu_sin_marca,limpieza_limpiador_700_ml,Limpieza,71.0
25378,Limpiador Multisuperficies Blem Citrus Gatillo 400 ml,limpiador_multisuperficies_blem_citrus_gatillo_sin,limpieza_limpiador_citrus_400_ml,Limpieza,72.0
25714,Limpiador Multisuperficies y Electrónicos Blem Citrus Repuesto 400 ml,limpiador_multisuperficies_electronicos_blem_citrus_repuesto,limpieza_limpiador_citrus_400_ml,Limpieza,72.0
25445,Limpiador de Pisos Lysoform Desinfectante Concentrado Original Repuesto 420 ml,limpiador_pisos_lysoform_desinfectante_concentrado_original,limpieza_limpiador_concentrado_420_ml,Limpieza,72.0
25830,Limpiador Líquido Desinfectante Concentrado para Pisos Lysoform Cítrica Repuesto 420 ml,limpiador_desinfectante_concentrado_para_pisos_lysoform,limpieza_limpiador_concentrado_420_ml,Limpieza,72.0
25541,Limpiador de Baño Fuzol Doypack 1 L,limpiador_bano_fuzol_doypack_sin_marca,limpieza_limpiador_fuzol_1000_ml,Limpieza,82.0
25547,Limpiador Cocina Fuzol Doypack 1 L,limpiador_cocina_fuzol_doypack_sin_marca,limpieza_limpiador_fuzol_1000_ml,Limpieza,82.0
25775,Limpiador Baño Frosch Lavanda 500 ml,limpiador_bano_frosch_lavanda_sin_marca,limpieza_limpiador_lavanda_500_ml,Limpieza,69.0
25909,Limpiador Desinfectante Clorox Lavanda 500 cc,limpiador_desinfectante_clorox_lavanda_sin_marca,limpieza_limpiador_lavanda_500_ml,Limpieza,69.0
25385,Limpiador Lysol Manzana Verde 900 ml,limpiador_lysol_manzana_verde_sin_marca,limpieza_limpiador_manzana_900_ml,Limpieza,73.0
25520,Limpiador Igenix Manzana Verde 900 ml,limpiador_igenix_manzana_verde_sin_marca,limpieza_limpiador_manzana_900_ml,Limpieza,73.0
25472,Limpiador Natura Siberica Gel Vitamina C 145 ml,limpiador_natura_siberica_gel_vitamina_c,limpieza_limpiador_natura_145_ml,Limpieza,78.0
25475,Limpiador Natura Siberica Polar White B 145 ml,limpiador_natura_siberica_polar_white_b,limpieza_limpiador_natura_145_ml,Limpieza,78.0
25466,Limpiador de Pisos Madera Alex Atrapapolvo 600 cc,limpiador_pisos_madera_alex_atrapapolvo_sin,limpieza_limpiador_pap_600_ml,Limpieza,77.0
25470,Limpiador Alex Atrapapolvo Superficie Fria 600 ml,limpiador_alex_atrapapolvo_superficie_fria_sin,limpieza_limpiador_pap_600_ml,Limpieza,77.0
3485,Fideo Pasta Mariposas N°81 Bolsa 250 g Lucchetti,fideo_pasta_mariposas_n_81_bolsa,limpieza_lucchetti_250_g,Limpieza,84.0
3506,Fideo Pasta Caracolitos N°35 Bolsa 250 g Lucchetti,fideo_pasta_caracolitos_n_35_bolsa,limpieza_lucchetti_250_g,Limpieza,84.0
3484,Fideo Pasta Cabellitos Bolsa 400 g Lucchetti,fideo_pasta_cabellitos_bolsa_lucchetti_general,limpieza_lucchetti_400_g,Limpieza,82.67
3507,Fideo Pasta Rigati N°48 Bolsa 400 g Lucchetti,fideo_pasta_rigati_n_48_bolsa,limpieza_lucchetti_400_g,Limpieza,82.67
3518,Fideo Pasta Integral Espirales Bolsa 400 g Lucchetti,fideo_pasta_integral_espirales_bolsa_lucchetti,limpieza_lucchetti_400_g,Limpieza,82.67
3521,Fideo Pasta Tallarines N°77 Bolsa 400 g Lucchetti,fideo_pasta_tallarines_n_77_bolsa,limpieza_lucchetti_400_g,Limpieza,82.67
3522,Fideo Pasta Quifaros N°33 Bolsa 400 g Lucchetti,fideo_pasta_quifaros_n_33_bolsa,limpieza_lucchetti_400_g,Limpieza,82.67
3527,Fideo Pasta Tres Vegetales Corbatas Bolsa 400 g Lucchetti,fideo_pasta_tres_vegetales_corbatas_bolsa,limpieza_lucchetti_400_g,Limpieza,82.67
25284,Papel Higiénico Noble Doble Hoja 22 m 40 un.,papel_higienico_noble_doble_hoja_22,limpieza_noble_40_un,Limpieza,85.0
31109,Papel higiénico noble doble hoja super pack 40 un 22 mt,papel_higienico_noble_doble_hoja_super,limpieza_noble_40_un,Limpieza,85.0
31113,Papel higiénico hoja simple nubelin 8x100m,papel_higienico_hoja_simple_nubelin_8x100m,limpieza_nubelin,Limpieza,71.0
31124,Papel higiénico doble hoja nubelin 8 x 30mts,papel_higienico_doble_hoja_nubelin_8,limpieza_nubelin,Limpieza,71.0
5321,Papel Higiénico Eco Bambú Doble Hoja 40 M 12 Un Boomba,papel_higienico_eco_bambu_doble_hoja,limpieza_pap_12_un,Limpieza,78.0
25270,Papel Higiénico Swan Black 40 m 12 un.,papel_higienico_swan_black_40_m,limpieza_pap_12_un,Limpieza,78.0
5254,Jabón En Barra Súper Blanco Bolsa 170 g Popeye,jabon_en_barra_super_blanco_bolsa,limpieza_popeye_170_g,Limpieza,80.0
31033,Jabón de lavar popeye super blanco 170 g,jabon_lavar_popeye_super_blanco_sin,limpieza_popeye_170_g,Limpieza,80.0
31035,Jabón popeye extra blanco 170 g,jabon_popeye_extra_blanco_sin_marca,limpieza_popeye_170_g,Limpieza,80.0
25243,Papel Higiénico Scott Rindemax Doble Hoja 22 m 4 un.,papel_higienico_scott_rindemax_doble_hoja,limpieza_scott_4_un,Limpieza,94.0
31115,Papel higiénico scott rindemax doble hoja 4 un de 50 m,papel_higienico_scott_rindemax_doble_hoja,limpieza_scott_4_un,Limpieza,94.0
25954,Suavizante Ropa Soft Classic Azul 1 L 2 un.,suavizante_ropa_soft_classic_azul_2,limpieza_suavizante_1000ml_2_un,Limpieza,71.0
31030,Pack suavizante soft normal 2 un de 1 l,pack_suavizante_soft_2_un_sin,limpieza_suavizante_1000ml_2_un,Limpieza,71.0
25968,Suavizante Ropa Soft Piel Sensible Recarga 1.2 L,suavizante_ropa_soft_piel_sensible_recarga,limpieza_suavizante_1200_ml,Limpieza,71.67
25990,Suavizante Ropa Soft Classic Recarga 1.2 L,suavizante_ropa_soft_classic_recarga_sin,limpieza_suavizante_1200_ml,Limpieza,71.67
31088,Suavizante soft clásico recarga 1.2 l,suavizante_soft_clasico_recarga_sin_marca,limpieza_suavizante_1200_ml,Limpieza,71.67
25999,Suavizante Aromático Casa Nativa Perlas Aroma Bahía Coral 750 g,suavizante_aromatico_casa_nativa_perlas_aroma,limpieza_suavizante_750_g,Limpieza,74.0
26027,Suavizante Casa Nativa Jazmín 750 g,suavizante_casa_nativa_jazmin_sin_marca,limpieza_suavizante_750_g,Limpieza,74.0
26040,Suavizante Aromático Casa Nativa Perlas Aroma Frutos Tropicales 750 g,suavizante_aromatico_casa_nativa_perlas_aroma,limpieza_suavizante_750_g,Limpieza,74.0
26037,Suavizante de Ropa Downy Calm 960 ml,suavizante_ropa_downy_calm_sin_marca,limpieza_suavizante_960_ml,Limpieza,68.0
26039,Suavizante de Ropa The Pink Stuff 960 ml,suavizante_ropa_the_pink_stuff_sin,limpieza_suavizante_960_ml,Limpieza,68.0
25973,Suavizante de Ropa Sweens Fresh Coconut Frasco 500 ml,suavizante_ropa_sweens_fresh_coconut_frasco,limpieza_suavizante_coco_500_ml,Limpieza,75.0
26061,Suavizante Sweens Fresh Coconut Doypack 500 ml,suavizante_sweens_fresh_coconut_doypack_sin,limpieza_suavizante_coco_500_ml,Limpieza,75.0
26018,Suavizante Ropa Fuzol Sens Relax 1.2 L,suavizante_ropa_fuzol_sens_relax_sin,limpieza_suavizante_fuzol_1200_ml,Limpieza,83.0
26038,Suavizante Ropa Fuzol Sens Energy 1.2 L,suavizante_ropa_fuzol_sens_energy_sin,limpieza_suavizante_fuzol_1200_ml,Limpieza,83.0
288,Alimento Húmedo Gatito Sabor Carne Y Leche Pouch 85 g Felinnes,alimento_humedo_gatito_sabor_carne_leche,mascotas_mascota_gatito_carne_85_g,Mascotas,76.5
1888,Alimento Húmedo Gatito Sabor Carne Pouch 85 g Felix,alimento_humedo_gatito_sabor_carne_pouch,mascotas_mascota_gatito_carne_85_g,Mascotas,76.5
1915,Alimento Húmedo Gatito Soufflé Sabor Carne Pouch 85 g Whiskas,alimento_humedo_gatito_souffle_sabor_carne,mascotas_mascota_gatito_carne_85_g,Mascotas,76.5
1940,Alimento Húmedo Gatito Sabor Carne Pouch 85 g Whiskas,alimento_humedo_gatito_sabor_carne_pouch,mascotas_mascota_gatito_carne_85_g,Mascotas,76.5
282,Alimento Seco Gatito Sabor Pollo Y Leche Bolsa 1 kg Felinnes,alimento_seco_gatito_sabor_pollo_leche,mascotas_mascota_gatito_pollo_1000_g,Mascotas,69.67
29265,Alimento Gatito y Madres en Gestación y Lactancia Felinnes Pollo 1 kg,alimento_gatito_madres_en_gestacion_lactancia,mascotas_mascota_gatito_pollo_1000_g,Mascotas,69.67
29311,Alimento Gatito Iams Pollo 1 kg,alimento_gatito_iams_pollo_sin_marca,mascotas_mascota_gatito_pollo_1000_g,Mascotas,69.67
29191,Alimento Master Cat Sopa de Atún 60 g,alimento_master_cat_sopa_atun_sin,mascotas_mascota_gato_60_g,Mascotas,76.0
29260,Alimento Master Cat Sopa de Pato 60 g,alimento_master_cat_sopa_pato_sin,mascotas_mascota_gato_60_g,Mascotas,76.0
29145,Alimento Húmedo Gato Applaws Filete de Atún con Camarón con Caldo 70 g,alimento_humedo_gato_applaws_filete_atun,mascotas_mascota_gato_70_g,Mascotas,85.0
29154,Alimento Húmedo Gato Applaws Filete de Atún y Cangrego con Caldo 70 g,alimento_humedo_gato_applaws_filete_atun,mascotas_mascota_gato_70_g,Mascotas,85.0
29144,Alimento Gato Adulto Cat Chow Deli Mix 1 kg,alimento_gato_adulto_cat_chow_deli,mascotas_mascota_gato_adulto_1000_g,Mascotas,70.67
29175,Alimento Gato Adulto Champion Cat Hogareño 1 kg,alimento_gato_adulto_champion_cat_hogareno,mascotas_mascota_gato_adulto_1000_g,Mascotas,70.67
29189,Alimento Gato Adulto Cat Chow Esterilizados 1 kg,alimento_gato_adulto_cat_chow_esterilizados,mascotas_mascota_gato_adulto_1000_g,Mascotas,70.67
6009,Alimento Húmedo Gato Adulto Sabor Atún Lata 156 g Felix,alimento_humedo_gato_adulto_sabor_atun,mascotas_mascota_gato_adulto_156_g,Mascotas,73.67
6018,Alimento Húmedo Gato Adulto Paté Pavo/menudencia Lata 156 g Felix,alimento_humedo_gato_adulto_pate_pavo,mascotas_mascota_gato_adulto_156_g,Mascotas,73.67
29306,Alimento Húmedo Gato Adulto Felix Paté Pavo y Menudencias Lata 156 g,alimento_humedo_gato_adulto_felix_pate,mascotas_mascota_gato_adulto_156_g,Mascotas,73.67
29133,Alimento Gato Adulto Cat Chow Deli Mix 3 kg,alimento_gato_adulto_cat_chow_deli,mascotas_mascota_gato_adulto_3000_g,Mascotas,70.33
29161,Alimento Gato Adulto Felix Megamix 3 kg,alimento_gato_adulto_felix_megamix_sin,mascotas_mascota_gato_adulto_3000_g,Mascotas,70.33
29190,Alimento Gato Adulto Master Cat Mix Gourmet 3 kg,alimento_gato_adulto_master_cat_mix,mascotas_mascota_gato_adulto_3000_g,Mascotas,70.33
29128,Alimento Gato Adulto Cat Chow Deli Mix 8 kg,alimento_gato_adulto_cat_chow_deli,mascotas_mascota_gato_adulto_8000_g,Mascotas,69.87
29131,Alimento Gato Adulto Champion Cat Hogareño 8 kg,alimento_gato_adulto_champion_cat_hogareno,mascotas_mascota_gato_adulto_8000_g,Mascotas,69.87
29141,Alimento Gato Adulto Cat Chow Esterilizados Defense Plus 8 kg,alimento_gato_adulto_cat_chow_esterilizados,mascotas_mascota_gato_adulto_8000_g,Mascotas,69.87
29212,Alimento Gato Adulto Animal Planet 8 kg,alimento_gato_adulto_animal_planet_sin,mascotas_mascota_gato_adulto_8000_g,Mascotas,69.87
29220,Alimento Gato Adulto Felix Megamix 8 kg,alimento_gato_adulto_felix_megamix_sin,mascotas_mascota_gato_adulto_8000_g,Mascotas,69.87
29276,Alimento Gato Adulto Cat Chow Hogareños 8 kg,alimento_gato_adulto_cat_chow_hogarenos,mascotas_mascota_gato_adulto_8000_g,Mascotas,69.87
29275,Alimento Húmedo Gato Adulto Champion Cat Filetitos de Pavo 80 g,alimento_humedo_gato_adulto_champion_cat,mascotas_mascota_gato_adulto_80_g,Mascotas,84.0
29284,Alimento Húmedo Gato Adulto Champion Cat Gourmet Pavo 80 g,alimento_humedo_gato_adulto_champion_cat,mascotas_mascota_gato_adulto_80_g,Mascotas,84.0
1892,Alimento Seco Gato Adulto Sabor Carne Bolsa 1 Kg Whiskas,alimento_seco_gato_adulto_sabor_carne,mascotas_mascota_gato_adulto_carne_1000_g,Mascotas,82.67
1916,Alimento Seco Gato Adulto Sabor Carne Bolsa Delimix 1 Kg Cat Chow,alimento_seco_gato_adulto_sabor_carne,mascotas_mascota_gato_adulto_carne_1000_g,Mascotas,82.67
1954,Alimento Seco Gato Adulto Sabor Carne Bolsa 1 Kg Master Cat,alimento_seco_gato_adulto_sabor_carne,mascotas_mascota_gato_adulto_carne_1000_g,Mascotas,82.67
1887,Alimento Seco Gato Adulto Sabor Carne Bolsa 3 Kg Whiskas,alimento_seco_gato_adulto_sabor_carne,mascotas_mascota_gato_adulto_carne_3000_g,Mascotas,79.0
1906,Alimento Seco Gato Adulto Sabor Carne Bolsa 3 Kg Master Cat,alimento_seco_gato_adulto_sabor_carne,mascotas_mascota_gato_adulto_carne_3000_g,Mascotas,79.0
1907,Alimento Seco Gato Adulto Sabor Carne Bolsa 3 Kg Champion Cat,alimento_seco_gato_adulto_sabor_carne,mascotas_mascota_gato_adulto_carne_3000_g,Mascotas,79.0
1920,Alimento Seco Gato Adulto Sabor Carne Bolsa 3 Kg Cat Chow,alimento_seco_gato_adulto_sabor_carne,mascotas_mascota_gato_adulto_carne_3000_g,Mascotas,79.0
1963,Alimento Seco Gato Adulto Castrado Sabor Mix Carne Bolsa 3 Kg Whiskas,alimento_seco_gato_adulto_castrado_sabor,mascotas_mascota_gato_adulto_carne_3000_g,Mascotas,79.0
1952,Alimento Seco Gato Adulto Sabor Carne Bolsa 8 Kg Cat Chow,alimento_seco_gato_adulto_sabor_carne,mascotas_mascota_gato_adulto_carne_8000_g,Mascotas,84.0
1961,Alimento Seco Gato Adulto Sabor Carne Bolsa 8 Kg Master Cat,alimento_seco_gato_adulto_sabor_carne,mascotas_mascota_gato_adulto_carne_8000_g,Mascotas,84.0
1900,Alimento Húmedo Gato Adulto Sabor Carne Pouch 85 g Whiskas,alimento_humedo_gato_adulto_sabor_carne,mascotas_mascota_gato_adulto_carne_85_g,Mascotas,75.33
1903,Alimento Húmedo Gato Adulto Sabor Carne Pouch 85 g Felix,alimento_humedo_gato_adulto_sabor_carne,mascotas_mascota_gato_adulto_carne_85_g,Mascotas,75.33
1926,Alimento Húmedo Gato Adulto Trocitos Sabor Carne Pouch 85 g Master Cat,alimento_humedo_gato_adulto_trocitos_sabor,mascotas_mascota_gato_adulto_carne_85_g,Mascotas,75.33
1927,Alimento Húmedo Gato Adulto Super Nutrientes Sabor Carne Pouch 85 g Purina One,alimento_humedo_gato_adulto_super_nutrientes,mascotas_mascota_gato_adulto_carne_85_g,Mascotas,75.33
1949,Alimento Húmedo Gato Adulto Sabor Carne Pouch 85 g Felinnes,alimento_humedo_gato_adulto_sabor_carne,mascotas_mascota_gato_adulto_carne_85_g,Mascotas,75.33
1962,Alimento Húmedo Gato Adulto Jelly Sabor Carne Pouch 85 g Whiskas,alimento_humedo_gato_adulto_jelly_sabor,mascotas_mascota_gato_adulto_carne_85_g,Mascotas,75.33
1973,Alimento Húmedo Gato Adulto Castrado Sabor Carne Pouch 85 g Whiskas,alimento_humedo_gato_adulto_castrado_sabor,mascotas_mascota_gato_adulto_carne_85_g,Mascotas,75.33
2142,Alimento Seco Gato Adulto Sabor Pescado Arroz Y Espinaca Bolsa 1 Kg Gati,alimento_seco_gato_adulto_sabor_pescado,mascotas_mascota_gato_adulto_pescado_1000_g,Mascotas,73.71
2144,Alimento Seco Gato Adulto Sabor Pescado Bolsa 1 Kg Whiskas,alimento_seco_gato_adulto_sabor_pescado,mascotas_mascota_gato_adulto_pescado_1000_g,Mascotas,73.71
2153,Alimento Seco Gato Adulto Sabor Pescado Bolsa 1 Kg Cat Chow,alimento_seco_gato_adulto_sabor_pescado,mascotas_mascota_gato_adulto_pescado_1000_g,Mascotas,73.71
29136,Alimento Gato Gati Adulto Pescado y Salmón 1 kg,alimento_gato_gati_adulto_pescado_salmon,mascotas_mascota_gato_adulto_pescado_1000_g,Mascotas,73.71
29184,Alimento Gato Adulto Whiskas Pescado 1 kg,alimento_gato_adulto_whiskas_pescado_sin,mascotas_mascota_gato_adulto_pescado_1000_g,Mascotas,73.71
29215,Alimento Gato Adulto Cat Chow Pescado 1 kg,alimento_gato_adulto_cat_chow_pescado,mascotas_mascota_gato_adulto_pescado_1000_g,Mascotas,73.71
29218,Alimento Gato Adulto Champion Cat Pescado 1 kg,alimento_gato_adulto_champion_cat_pescado,mascotas_mascota_gato_adulto_pescado_1000_g,Mascotas,73.71
29303,Alimento Húmedo Gato Adulto Felix Pescado y Atún en Salsa Lata 156 g,alimento_humedo_gato_adulto_felix_pescado,mascotas_mascota_gato_adulto_pescado_156_g,Mascotas,77.0
29307,Alimento Húmedo Gato Adulto Felix Paté de Pescado y Atún Lata 156 g,alimento_humedo_gato_adulto_felix_pate,mascotas_mascota_gato_adulto_pescado_156_g,Mascotas,77.0
2143,Alimento Seco Gato Adulto Sabor Pescado Bolsa 3 Kg Champion Cat,alimento_seco_gato_adulto_sabor_pescado,mascotas_mascota_gato_adulto_pescado_3000_g,Mascotas,75.6
2147,Alimento Seco Gato Adulto Sabor Pescado Bolsa 3 Kg Cat Chow,alimento_seco_gato_adulto_sabor_pescado,mascotas_mascota_gato_adulto_pescado_3000_g,Mascotas,75.6
2149,Alimento Seco Gato Adulto Sabor Pescado Bolsa 3 Kg Whiskas,alimento_seco_gato_adulto_sabor_pescado,mascotas_mascota_gato_adulto_pescado_3000_g,Mascotas,75.6
29129,Alimento Gato Adulto Champion Cat Pescado 3 kg,alimento_gato_adulto_champion_cat_pescado,mascotas_mascota_gato_adulto_pescado_3000_g,Mascotas,75.6
29162,Alimento Gato Adulto Whiskas Pescado 3 kg,alimento_gato_adulto_whiskas_pescado_sin,mascotas_mascota_gato_adulto_pescado_3000_g,Mascotas,75.6
29207,Alimento Gato Adulto Cat Chow Pescado 3 kg,alimento_gato_adulto_cat_chow_pescado,mascotas_mascota_gato_adulto_pescado_3000_g,Mascotas,75.6
2145,Alimento Seco Gato Adulto Sabor Pescado Bolsa 8 Kg Whiskas,alimento_seco_gato_adulto_sabor_pescado,mascotas_mascota_gato_adulto_pescado_8000_g,Mascotas,74.67
2148,Alimento Seco Gato Adulto Sabor Pescado Bolsa 8 Kg Champion Cat,alimento_seco_gato_adulto_sabor_pescado,mascotas_mascota_gato_adulto_pescado_8000_g,Mascotas,74.67
2152,Alimento Seco Gato Adulto Sabor Pescado Arroz Y Espinaca Bolsa 8 Kg Gati,alimento_seco_gato_adulto_sabor_pescado,mascotas_mascota_gato_adulto_pescado_8000_g,Mascotas,74.67
2155,Alimento Seco Gato Adulto Esterilizado Sabor Pescado Bolsa 8 Kg Cat Chow,alimento_seco_gato_adulto_esterilizado_sabor,mascotas_mascota_gato_adulto_pescado_8000_g,Mascotas,74.67
29147,Alimento Gato Adulto Champion Cat Pescado 8 kg,alimento_gato_adulto_champion_cat_pescado,mascotas_mascota_gato_adulto_pescado_8000_g,Mascotas,74.67
29176,Alimento Gato Adulto Cat Chow Pescado 8 kg,alimento_gato_adulto_cat_chow_pescado,mascotas_mascota_gato_adulto_pescado_8000_g,Mascotas,74.67
2146,Alimento Húmedo Gato Adulto Sabor Pescado Blanco Pouch 85 g Felix,alimento_humedo_gato_adulto_sabor_pescado,mascotas_mascota_gato_adulto_pescado_85_g,Mascotas,72.73
2154,Alimento Húmedo Gato Adulto Jelly Sabor Pescado Pouch 85 g Whiskas,alimento_humedo_gato_adulto_jelly_sabor,mascotas_mascota_gato_adulto_pescado_85_g,Mascotas,72.73
2157,"Alimento Húmedo Gato Adulto Sabor Salmón, Atún Y Pescado Blanco Pouch 85 g Purina One",alimento_humedo_gato_adulto_sabor_salmon_,mascotas_mascota_gato_adulto_pescado_85_g,Mascotas,72.73
29127,Alimento Húmedo Gato Adulto Whiskas Pescado Soufflé 85 g,alimento_humedo_gato_adulto_whiskas_pescado,mascotas_mascota_gato_adulto_pescado_85_g,Mascotas,72.73
29167,Alimento Húmedo Gato Adulto Cat Chow Esterilizado Pescado 85 g,alimento_humedo_gato_adulto_cat_chow,mascotas_mascota_gato_adulto_pescado_85_g,Mascotas,72.73
29179,Alimento Húmedo Gato Adulto Cat Chow Pescado 85 g,alimento_humedo_gato_adulto_cat_chow,mascotas_mascota_gato_adulto_pescado_85_g,Mascotas,72.73
6008,Alimento Seco Gato Adulto Sabor Pollo Bolsa 1 Kg Whiskas,alimento_seco_gato_adulto_sabor_pollo,mascotas_mascota_gato_adulto_pollo_1000_g,Mascotas,73.9
29237,Alimento Gato Adulto Whiskas Pollo 1 kg,alimento_gato_adulto_whiskas_pollo_sin,mascotas_mascota_gato_adulto_pollo_1000_g,Mascotas,73.9
29244,Alimento Gato Adulto Felinnes Pollo 1 kg,alimento_gato_adulto_felinnes_pollo_sin,mascotas_mascota_gato_adulto_pollo_1000_g,Mascotas,73.9
29283,Alimento Gato Adulto Iams Pollo 1 kg,alimento_gato_adulto_iams_pollo_sin,mascotas_mascota_gato_adulto_pollo_1000_g,Mascotas,73.9
29286,Alimento Gato Adulto Champion Cat Pollo 1 kg,alimento_gato_adulto_champion_cat_pollo,mascotas_mascota_gato_adulto_pollo_1000_g,Mascotas,73.9
6013,Alimento Seco Gato Adulto Sabor Pollo Bolsa 3 Kg Master Cat,alimento_seco_gato_adulto_sabor_pollo,mascotas_mascota_gato_adulto_pollo_3000_g,Mascotas,74.3
29195,Alimento Gato Adulto Felinnes Pollo 3 kg,alimento_gato_adulto_felinnes_pollo_sin,mascotas_mascota_gato_adulto_pollo_3000_g,Mascotas,74.3
29273,Alimento Gato Adulto Whiskas Pollo 3 kg,alimento_gato_adulto_whiskas_pollo_sin,mascotas_mascota_gato_adulto_pollo_3000_g,Mascotas,74.3
29281,Alimento Gato Adulto IAMS Light Pollo 3 kg,alimento_gato_adulto_iams_pollo_sin,mascotas_mascota_gato_adulto_pollo_3000_g,Mascotas,74.3
29282,Alimento Gato Adulto Iams Pollo 3 kg,alimento_gato_adulto_iams_pollo_sin,mascotas_mascota_gato_adulto_pollo_3000_g,Mascotas,74.3
29152,Alimento Gato Adulto Purina One Esterilizado Pollo y Salmón 6 kg,alimento_gato_adulto_purina_one_esterilizado,mascotas_mascota_gato_adulto_pollo_6000_g,Mascotas,77.0
29177,Alimento Gato Adulto Purina One Pollo y Salmón 6 kg,alimento_gato_adulto_purina_one_pollo,mascotas_mascota_gato_adulto_pollo_6000_g,Mascotas,77.0
1988,Alimento Húmedo Gato Adulto Sabor Pechuga De Pollo Con Salmón Al Jugo Pouch 85 g Animal Planet,alimento_humedo_gato_adulto_sabor_pechuga,mascotas_mascota_gato_adulto_pollo_85_g,Mascotas,74.0
6014,Alimento Húmedo Gato Adulto Sabor Pollo Pouch 85 g Whiskas,alimento_humedo_gato_adulto_sabor_pollo,mascotas_mascota_gato_adulto_pollo_85_g,Mascotas,74.0
6017,Alimento Húmedo Gato Adulto Sabor Pollo E Hígado Pouch 85 g Felix,alimento_humedo_gato_adulto_sabor_pollo,mascotas_mascota_gato_adulto_pollo_85_g,Mascotas,74.0
29123,Alimento Húmedo Gato Adulto Whiskas Salsa Pollo 85 g,alimento_humedo_gato_adulto_whiskas_salsa,mascotas_mascota_gato_adulto_pollo_85_g,Mascotas,74.0
6016,Alimento Seco Gato Adulto Sabor Salmón Bolsa 1 Kg Master Cat,alimento_seco_gato_adulto_sabor_salmon,mascotas_mascota_gato_adulto_salmon_1000_g,Mascotas,72.0
29163,Alimento Gato Adulto Master Cat Salmón y Sardina 1 kg,alimento_gato_adulto_master_cat_salmon,mascotas_mascota_gato_adulto_salmon_1000_g,Mascotas,72.0
29243,Alimento Gato Adulto Felinnes Salmón 1 kg,alimento_gato_adulto_felinnes_salmon_sin,mascotas_mascota_gato_adulto_salmon_1000_g,Mascotas,72.0
6024,Alimento Húmedo Gato Adulto Trocitos Sabor Salmón Y Sardina Pouch 100 g Champion Cat,alimento_humedo_gato_adulto_trocitos_sabor,mascotas_mascota_gato_adulto_salmon_100_g,Mascotas,78.67
6025,Alimento Húmedo Gato Adulto Trocitos Sabor Atún Y Salmón Pouch 100 g Champion Cat,alimento_humedo_gato_adulto_trocitos_sabor,mascotas_mascota_gato_adulto_salmon_100_g,Mascotas,78.67
29255,Alimento Húmedo Gato Adulto Champion Cat Atún y Salmón 100 g,alimento_humedo_gato_adulto_champion_cat,mascotas_mascota_gato_adulto_salmon_100_g,Mascotas,78.67
6005,Alimento Para Gatos Adulto Húmedo Salmón 156 g Felix,alimento_para_gatos_adulto_humedo_salmon,mascotas_mascota_gato_adulto_salmon_156_g,Mascotas,73.0
29309,Alimento Húmedo Gato Adulto Felix Paté de Salmón Lata 156 g,alimento_humedo_gato_adulto_felix_pate,mascotas_mascota_gato_adulto_salmon_156_g,Mascotas,73.0
6004,Alimento Seco Gato Adulto Sabor Salmón Bolsa 3 Kg Felinnes,alimento_seco_gato_adulto_sabor_salmon,mascotas_mascota_gato_adulto_salmon_3000_g,Mascotas,72.33
29142,Alimento Gato Adulto Master Cat Salmón y Sardina 3 kg,alimento_gato_adulto_master_cat_salmon,mascotas_mascota_gato_adulto_salmon_3000_g,Mascotas,72.33
29170,Alimento Gato Adulto Felinnes Salmón 3 kg,alimento_gato_adulto_felinnes_salmon_sin,mascotas_mascota_gato_adulto_salmon_3000_g,Mascotas,72.33
6020,Alimento Seco Gato Adulto Sabor Salmón Bolsa 8 Kg Master Cat,alimento_seco_gato_adulto_sabor_salmon,mascotas_mascota_gato_adulto_salmon_8000_g,Mascotas,74.0
29214,Alimento Gato Adulto Master Cat Salmón y Sardina 8 kg,alimento_gato_adulto_master_cat_salmon,mascotas_mascota_gato_adulto_salmon_8000_g,Mascotas,74.0
6010,Alimento Húmedo Gato Adulto Sabor Salmón Pouch 85 g Whiskas,alimento_humedo_gato_adulto_sabor_salmon,mascotas_mascota_gato_adulto_salmon_85_g,Mascotas,72.86
6011,Alimento Húmedo Gato Adulto Sabor Salmón Pouch 85 g Felinnes,alimento_humedo_gato_adulto_sabor_salmon,mascotas_mascota_gato_adulto_salmon_85_g,Mascotas,72.86
6015,Alimento Húmedo Gato Adulto Sabor Salmón Pouch 85 g Felix,alimento_humedo_gato_adulto_sabor_salmon,mascotas_mascota_gato_adulto_salmon_85_g,Mascotas,72.86
6022,Alimento Húmedo Gato Adulto Trocitos Sabor Salmón Pouch 85 g Master Cat,alimento_humedo_gato_adulto_trocitos_sabor,mascotas_mascota_gato_adulto_salmon_85_g,Mascotas,72.86
29124,Alimento Húmedo Gato Adulto Whiskas Salsa Salmón 85 g,alimento_humedo_gato_adulto_whiskas_salsa,mascotas_mascota_gato_adulto_salmon_85_g,Mascotas,72.86
29135,Alimento Húmedo Gato Adulto Master Cat Salmón Ahumado 85 g,alimento_humedo_gato_adulto_master_cat,mascotas_mascota_gato_adulto_salmon_85_g,Mascotas,72.86
29140,Alimento Húmedo Gato Adulto Purina One Castrados Super Foods Salmón 85 g,alimento_humedo_gato_adulto_purina_one,mascotas_mascota_gato_adulto_salmon_85_g,Mascotas,72.86
29257,Alimento Húmedo Gato Adulto Felix Sensaciones de Salmón en Salsa 85 g,alimento_humedo_gato_adulto_felix_sensaciones,mascotas_mascota_gato_adulto_salmon_85_g,Mascotas,72.86
309,Alimento Seco Gatito Sabor Carne Y Leche Bolsa 1 Kg Champion Cat,alimento_seco_gatito_sabor_carne_leche,mascotas_mascota_gato_gatito_carne_1000_g,Mascotas,75.0
1904,Alimento Seco Gatito Sabor Carne Bolsa 1 Kg Cat Chow,alimento_seco_gatito_sabor_carne_bolsa,mascotas_mascota_gato_gatito_carne_1000_g,Mascotas,75.0
292,Alimento Seco Gatito Sabor Pollo Y Leche Bolsa 1 kg Master Cat,alimento_seco_gatito_sabor_pollo_leche,mascotas_mascota_gato_gatito_pollo_1000_g,Mascotas,78.0
29256,Alimento Gatito Champion Cat Pollo y Leche 1 kg,alimento_gatito_champion_cat_pollo_leche,mascotas_mascota_gato_gatito_pollo_1000_g,Mascotas,78.0
29202,Alimento Húmedo Gato Felix Sabor Pescado Blanco 85 g,alimento_humedo_gato_felix_sabor_pescado,mascotas_mascota_gato_pescado_85_g,Mascotas,74.33
29234,Alimento Húmedo Gato Fancy Feast Mousse Pescado Camarón 85 g,alimento_humedo_gato_fancy_feast_mousse,mascotas_mascota_gato_pescado_85_g,Mascotas,74.33
29278,Alimento Húmedo Gato Felix Sabor Pescado Blanco Sobre 85 g,alimento_humedo_gato_felix_sabor_pescado,mascotas_mascota_gato_pescado_85_g,Mascotas,74.33
6003,Alimento Para Gato Sachet Todas Las Etapas Pollo 200 g Ama Pet,alimento_para_gato_sachet_todas_las,mascotas_mascota_gato_pollo_200_g,Mascotas,72.17
6027,Alimento Para Gato Pate Todas Las Etapas Pollo 200 g Ama Pet,alimento_para_gato_pate_todas_las,mascotas_mascota_gato_pollo_200_g,Mascotas,72.17
29216,Alimento Húmedo Gato Ama Pet Pollo 200 g,alimento_humedo_gato_ama_pet_pollo,mascotas_mascota_gato_pollo_200_g,Mascotas,72.17
29254,Alimento Húmedo Gato Ama Pet Renal Pollo 200 g,alimento_humedo_gato_ama_pet_renal,mascotas_mascota_gato_pollo_200_g,Mascotas,72.17
29300,"Puré Cremoso Gato Meowee Pollo, Salmón y Pato 56 g",pure_cremoso_gato_meowee_pollo__salmon,mascotas_mascota_gato_pollo_56_g,Mascotas,73.0
29302,"Puré Cremoso Gato Meowee Atún, Pollo y Pato 56 g",pure_cremoso_gato_meowee_atun__pollo,mascotas_mascota_gato_pollo_56_g,Mascotas,73.0
29285,Alimento Húmedo Gato Champion Cat Gourmet Pollo Verduras 80 g,alimento_humedo_gato_champion_cat_gourmet,mascotas_mascota_gato_pollo_80_g,Mascotas,73.2
29295,Alimento Húmedo Gato Amity Pollo y Arvejas 80 g,alimento_humedo_gato_amity_pollo_arvejas,mascotas_mascota_gato_pollo_80_g,Mascotas,73.2
29296,Alimento Húmedo Gato Amity Pollo y Salmón 80 g,alimento_humedo_gato_amity_pollo_salmon,mascotas_mascota_gato_pollo_80_g,Mascotas,73.2
29297,Alimento Húmedo Gato Amity Pollo y Pato 80 g,alimento_humedo_gato_amity_pollo_pato,mascotas_mascota_gato_pollo_80_g,Mascotas,73.2
29298,Alimento Húmedo Gato Amity Pollo y Conejo 80 g,alimento_humedo_gato_amity_pollo_conejo,mascotas_mascota_gato_pollo_80_g,Mascotas,73.2
29173,Alimento Gato Amity Premium Salmón y Arroz 10 kg,alimento_gato_amity_premium_salmon_arroz,mascotas_mascota_gato_salmon_10000_g,Mascotas,91.0
29197,Alimento Gato Amity Premium Salmón y Arroz Esterilizados 10 kg,alimento_gato_amity_premium_salmon_arroz,mascotas_mascota_gato_salmon_10000_g,Mascotas,91.0
29130,Alimento Gato Amity Premium Salmón y Arroz Esterilizados 1.5 kg,alimento_gato_amity_premium_salmon_arroz,mascotas_mascota_gato_salmon_1500_g,Mascotas,91.0
29134,Alimento Gato Amity Premium Salmón y Arroz 1.5 kg,alimento_gato_amity_premium_salmon_arroz,mascotas_mascota_gato_salmon_1500_g,Mascotas,91.0
29074,Suplemento Perro Winga Funcional Carrot Power 250 g,suplemento_perro_winga_funcional_carrot_power,mascotas_mascota_perro_250_g,Mascotas,71.67
29091,Suplemento Perro Winga Funcional Calming Power 250 g,suplemento_perro_winga_funcional_calming_power,mascotas_mascota_perro_250_g,Mascotas,71.67
29092,Suplemento Perro Winga Caldo de Huesos 250 g,suplemento_perro_winga_caldo_huesos_sin,mascotas_mascota_perro_250_g,Mascotas,71.67
29080,Alimento Húmedo Perro Amity Chicken Rice 400 g,alimento_humedo_perro_amity_chicken_rice,mascotas_mascota_perro_400_g,Mascotas,75.0
29081,Alimento Húmedo Perro Amity Tuna Rice 400 g,alimento_humedo_perro_amity_tuna_rice,mascotas_mascota_perro_400_g,Mascotas,75.0
29112,Alimento Húmedo Perro Amity Ibe Pork Rice 400 g,alimento_humedo_perro_amity_ibe_pork,mascotas_mascota_perro_400_g,Mascotas,75.0
28999,Alimento Perro Dog Chow Adulto Alta Proteína 12 kg,alimento_perro_dog_chow_adulto_alta,mascotas_mascota_perro_adulto_12000_g,Mascotas,76.0
29003,Alimento Perro Dog Chow Adulto Mediano Proteína 12 kg,alimento_perro_dog_chow_adulto_mediano,mascotas_mascota_perro_adulto_12000_g,Mascotas,76.0
1901,Alimento Húmedo Perro Adulto Sabor Carne Pouch 100 g Pedigree,alimento_humedo_perro_adulto_sabor_carne,mascotas_mascota_perro_adulto_carne_100_g,Mascotas,75.4
1911,Alimento Húmedo Perro Adulto Sabor Carne Y Vegetales Sobre 100 g Champion Dog,alimento_humedo_perro_adulto_sabor_carne,mascotas_mascota_perro_adulto_carne_100_g,Mascotas,75.4
1924,Alimento Húmedo Perro Adulto Raza Pequeña Sabor Carne Pouch 100 g Pedigree,alimento_humedo_perro_adulto_raza_pequena,mascotas_mascota_perro_adulto_carne_100_g,Mascotas,75.4
1969,Alimento Húmedo Perro Adulto Sabor Carne Pouch 100 g Dog Chow,alimento_humedo_perro_adulto_sabor_carne,mascotas_mascota_perro_adulto_carne_100_g,Mascotas,75.4
1981,Alimento Húmedo Perro Adulto Trocitos Sabor Carne Pouch 100 g Master Dog,alimento_humedo_perro_adulto_trocitos_sabor,mascotas_mascota_perro_adulto_carne_100_g,Mascotas,75.4
1982,Alimento Húmedo Perro Adulto Raza Pequeña Sabor Carne Pouch 100 g Dog Chow,alimento_humedo_perro_adulto_raza_pequena,mascotas_mascota_perro_adulto_carne_100_g,Mascotas,75.4
1905,Alimento Seco Perro Adulto Carne Y Arroz Bolsa 15 kg Cachupin,alimento_seco_perro_adulto_carne_arroz,mascotas_mascota_perro_adulto_carne_15000_g,Mascotas,71.0
1964,Alimento Seco Perro Adulto Raza Mediana/grande Carne Y Cereales Bolsa 15 Kg Cannes,alimento_seco_perro_adulto_raza_mediana,mascotas_mascota_perro_adulto_carne_15000_g,Mascotas,71.0
1914,Alimento Seco Perro Adulto Raza Mediana/grande Carne Y Cereales Bolsa 3 Kg Cannes,alimento_seco_perro_adulto_raza_mediana,mascotas_mascota_perro_adulto_carne_3000_g,Mascotas,74.76
1917,Alimento Seco Perro Adulto Raza Pequeña Carne Bolsa 3 Kg Master Dog,alimento_seco_perro_adulto_raza_pequena,mascotas_mascota_perro_adulto_carne_3000_g,Mascotas,74.76
1925,Alimento Seco Perro Adulto Raza Mediana/grande Sabor Carne Bolsa 3 Kg Master Dog,alimento_seco_perro_adulto_raza_mediana,mascotas_mascota_perro_adulto_carne_3000_g,Mascotas,74.76
1930,Alimento Seco Perro Adulto Raza Pequeña Carne Y Vegetales Bolsa 3 Kg Pedigree,alimento_seco_perro_adulto_raza_pequena,mascotas_mascota_perro_adulto_carne_3000_g,Mascotas,74.76
1931,Alimento Seco Perro Adulto Raza Pequeña Carne Y Pollo Bolsa 3 Kg Dog Chow,alimento_seco_perro_adulto_raza_pequena,mascotas_mascota_perro_adulto_carne_3000_g,Mascotas,74.76
1959,Alimento Seco Perro Adulto Raza Pequeña Carne Bolsa 3 Kg Champion Dog,alimento_seco_perro_adulto_raza_pequena,mascotas_mascota_perro_adulto_carne_3000_g,Mascotas,74.76
1971,Alimento Seco Perro Adulto Raza Mediana/grande Carne Bolsa 3 Kg Pedigree,alimento_seco_perro_adulto_raza_mediana,mascotas_mascota_perro_adulto_carne_3000_g,Mascotas,74.76
1978,Alimento Seco Perro Adulto Raza Mediana/grande Carne Y Pollo Bolsa 3 Kg Dog Chow,alimento_seco_perro_adulto_raza_mediana,mascotas_mascota_perro_adulto_carne_3000_g,Mascotas,74.76
1979,Alimento Seco Perro Adulto Alta Proteina Carne Bolsa 3 kg Dog Chow,alimento_seco_perro_adulto_alta_carne,mascotas_mascota_perro_adulto_carne_3000_g,Mascotas,74.76
1980,Alimento Seco Perro Adulto Multi Proteina Carne Bolsa 3 kg Dog Chow,alimento_seco_perro_adulto_multi_carne,mascotas_mascota_perro_adulto_carne_3000_g,Mascotas,74.76
1913,Alimento Seco Perro Adulto Raza Pequeña Carne Y Vegetales Bolsa 8 Kg Pedigree,alimento_seco_perro_adulto_raza_pequena,mascotas_mascota_perro_adulto_carne_8000_g,Mascotas,82.0
1923,Alimento Seco Perro Adulto Raza Pequeña Carne Y Pollo Bolsa 8 Kg Dog Chow,alimento_seco_perro_adulto_raza_pequena,mascotas_mascota_perro_adulto_carne_8000_g,Mascotas,82.0
1935,"Alimento Húmedo Perro Adulto Sabor Carne, Pollo Y Cordero Pouch 85 g Purina One",alimento_humedo_perro_adulto_sabor_carne_,mascotas_mascota_perro_adulto_carne_85_g,Mascotas,68.0
1983,Alimento Húmedo Perro Adulto Raza Pequeña Trocitos Sabor Carne Pouch 85 g Master Dog,alimento_humedo_perro_adulto_raza_pequena,mascotas_mascota_perro_adulto_carne_85_g,Mascotas,68.0
29038,Alimento Perro Adulto Purina One Pequeño Cordero 6 kg,alimento_perro_adulto_purina_one_pequeno,mascotas_mascota_perro_adulto_cordero_6000_g,Mascotas,75.0
29069,Alimento Perro Adulto Purina One Mediano Grande Cordero 6 kg,alimento_perro_adulto_purina_one_mediano,mascotas_mascota_perro_adulto_cordero_6000_g,Mascotas,75.0
5994,Alimento Húmedo Perro Adulto Trocitos Sabor Pollo Pouch 100 g Cannes,alimento_humedo_perro_adulto_trocitos_sabor,mascotas_mascota_perro_adulto_pollo_100_g,Mascotas,72.71
5995,Alimento Húmedo Perro Adulto Sabor Pollo Pouch 100 g Dog Chow,alimento_humedo_perro_adulto_sabor_pollo,mascotas_mascota_perro_adulto_pollo_100_g,Mascotas,72.71
5996,Alimento Húmedo Perro Adulto Raza Pequeña Sabor Pollo Pouch 100 g Pedigree,alimento_humedo_perro_adulto_raza_pequena,mascotas_mascota_perro_adulto_pollo_100_g,Mascotas,72.71
5997,Alimento Húmedo Perro Adulto Sabor Pollo Pouch 100 g Pedigree,alimento_humedo_perro_adulto_sabor_pollo,mascotas_mascota_perro_adulto_pollo_100_g,Mascotas,72.71
6001,Alimento Húmedo Perro Adulto Trocitos Sabor Pollo Pouch 100 g Master Dog,alimento_humedo_perro_adulto_trocitos_sabor,mascotas_mascota_perro_adulto_pollo_100_g,Mascotas,72.71
29000,Alimento Húmedo Perro Adulto Pedigree Pollo Sobre 100 g,alimento_humedo_perro_adulto_pedigree_pollo,mascotas_mascota_perro_adulto_pollo_100_g,Mascotas,72.71
29002,Alimento Húmedo Perro Adulto Pedigree Pequeño Pollo 100 g,alimento_humedo_perro_adulto_pedigree_pequeno,mascotas_mascota_perro_adulto_pollo_100_g,Mascotas,72.71
29017,Alimento Húmedo Perro Adulto Master Dog Pollo 100 g,alimento_humedo_perro_adulto_master_dog,mascotas_mascota_perro_adulto_pollo_100_g,Mascotas,72.71
29075,Alimento Húmedo Perro Adulto Cannes Trocitos Jugosos Pollo 100 g,alimento_humedo_perro_adulto_cannes_trocitos,mascotas_mascota_perro_adulto_pollo_100_g,Mascotas,72.71
29098,Alimento Húmedo Perro Adulto Dog Chow Mini y Pequeño Pavo y Pollo 100 g,alimento_humedo_perro_adulto_dog_chow,mascotas_mascota_perro_adulto_pollo_100_g,Mascotas,72.71
1985,Alimento Seco Perro Adulto Raza Pequeña Sabor Pollo Bolsa 3 Kg Animal Planet,alimento_seco_perro_adulto_raza_pequena,mascotas_mascota_perro_adulto_pollo_3000_g,Mascotas,68.0
29099,Alimento Perro Adulto Dog Chow Pollo y Pavo 3 kg,alimento_perro_adulto_dog_chow_pollo,mascotas_mascota_perro_adulto_pollo_3000_g,Mascotas,68.0
29023,Alimento Perro Cachorro Master Dog Razas Medianas y Grandes 15 kg,alimento_perro_cachorro_master_dog_razas,mascotas_mascota_perro_cachorro_15000_g,Mascotas,69.0
29060,Alimento Perro Cachorro Amity Premium 15 kg,alimento_perro_cachorro_amity_premium_sin,mascotas_mascota_perro_cachorro_15000_g,Mascotas,69.0
29082,Alimento Perro Cachorro Dog Chow Medianos y Grandes 15 kg,alimento_perro_cachorro_dog_chow_medianos,mascotas_mascota_perro_cachorro_15000_g,Mascotas,69.0
29068,Alimento Perro Cachorro Animal Planet Pequeños 2.5 kg,alimento_perro_cachorro_animal_planet_pequenos,mascotas_mascota_perro_cachorro_2500_g,Mascotas,74.0
29084,Alimento Perro Cachorro Animal Planet Medianos y Grandes 2.5 kg,alimento_perro_cachorro_animal_planet_medianos,mascotas_mascota_perro_cachorro_2500_g,Mascotas,74.0
29041,Alimento Perro Cachorro Dog Chow Razas Pequeñas 8 kg,alimento_perro_cachorro_dog_chow_razas,mascotas_mascota_perro_cachorro_8000_g,Mascotas,73.0
29061,Alimento Perro Cachorro Dog Chow Medianos y Grandes 8 kg,alimento_perro_cachorro_dog_chow_medianos,mascotas_mascota_perro_cachorro_8000_g,Mascotas,73.0
1990,Alimento Húmedo Perro Adulto Y Cachorro Sabor Pechuga De Pollo Con Salmón Al Jugo Pouch 100 g Animal Planet,alimento_humedo_perro_adulto_cachorro_sabor,mascotas_mascota_perro_cachorro_pollo_100_g,Mascotas,70.0
29005,Alimento Húmedo Perro Cachorro Pedigree Pollo 100 g,alimento_humedo_perro_cachorro_pedigree_pollo,mascotas_mascota_perro_cachorro_pollo_100_g,Mascotas,70.0
29013,Alimento Húmedo Perro Dog Chow Cordero 100 g,alimento_humedo_perro_dog_chow_cordero,mascotas_mascota_perro_cordero_100_g,Mascotas,75.0
29057,Alimento Húmedo Perro Champion Dog Cordero 100 g,alimento_humedo_perro_champion_dog_cordero,mascotas_mascota_perro_cordero_100_g,Mascotas,75.0
29008,Alimento Perro Senior Master Dog 15 kg,alimento_perro_senior_master_dog_sin,mascotas_mascota_perro_senior_15000_g,Mascotas,70.67
29020,Alimento Perro Pedigree Senior Mayor +7 Años 15 kg,alimento_perro_pedigree_senior_mayor_7,mascotas_mascota_perro_senior_15000_g,Mascotas,70.67
29030,Alimento Perro Senior Champion Dog 15 kg,alimento_perro_senior_champion_dog_sin,mascotas_mascota_perro_senior_15000_g,Mascotas,70.67
1902,Alimento Húmedo Perro Senior Sabor Carne Pouch 100 g Pedigree,alimento_humedo_perro_senior_sabor_carne,mascotas_mascota_perro_senior_carne_100_g,Mascotas,73.0
1933,Alimento Húmedo Perro Senior Trocitos Sabor Carne Pouch 100 g Master Dog,alimento_humedo_perro_senior_trocitos_sabor,mascotas_mascota_perro_senior_carne_100_g,Mascotas,73.0
1918,Alimento Seco Perro Senior Raza Pequeña Carne Bolsa 3 kg Master Dog,alimento_seco_perro_senior_raza_pequena,mascotas_mascota_perro_senior_carne_3000_g,Mascotas,73.0
1950,Alimento Seco Perro Senior Carne Y Vegetales Bolsa 3 Kg Pedigree,alimento_seco_perro_senior_carne_vegetales,mascotas_mascota_perro_senior_carne_3000_g,Mascotas,73.0
1966,Alimento Seco Perro Senior Raza Mediana/grande Carne Bolsa 3 Kg Master Dog,alimento_seco_perro_senior_raza_mediana,mascotas_mascota_perro_senior_carne_3000_g,Mascotas,73.0
29194,"Suplemento Fit Duo Atún, Pollo y Salmón 35 g",suplemento_fit_duo_atun__pollo_salmon,mascotas_mascota_pollo_35_g,Mascotas,76.0
29240,"Suplemento Fit Duo Atún, Pollo y Ostión 35 g",suplemento_fit_duo_atun__pollo_ostion,mascotas_mascota_pollo_35_g,Mascotas,76.0
